S.No,Primary Vulnerability,Exploit,Result,Code
1,Broken Authentication,Secure Authentication Implementation,Good,"from flask import Flask, request, jsonify
from flask_limiter import Limiter
from flask_limiter.util import get_remote_address
import os

app = Flask(__name__)
app.secret_key = os.environ.get('SECRET_KEY')
limiter = Limiter(app, key_func=get_remote_address)

@app.route('/login', methods=['POST'])
@limiter.limit(""5 per minute"")
def login():
    username = request.json.get('username')
    password = request.json.get('password')
    
    user = authenticate_user(username, password)
    if user:
        return jsonify({{""token"": create_jwt_token(user)}})
    return jsonify({{""error"": ""Invalid credentials""}}), 401

if __name__ == '__main__':
    app.run()"
2,Broken Object Level Authorizatio,Missing Role-Based Access Control,Good,"from flask import Flask, request, jsonify

app = Flask(__name__)

# Mock user data
users = {
    1: {""name"": ""Alice"", ""email"": ""alice@example.com""},
    2: {""name"": ""Bob"", ""email"": ""bob@example.com""}
}

# Mock admin check function
def is_admin():
    # For demonstration, assume user is determined via request header
    # In real applications, use proper authentication mechanisms
    auth_header = request.headers.get('Authorization')
    return auth_header == 'Bearer admin-token'

@app.route('/user/<int:user_id>', methods=['DELETE'])
def delete_user(user_id):
    if not is_admin():
        return jsonify({""error"": ""Unauthorized""}), 403
    
    if user_id in users:
        del users[user_id]
        return jsonify({""success"": ""User deleted successfully""})
    else:
        return jsonify({""error"": ""User not found""}), 404

if __name__ == '__main__':
    app.run(debug=True)"
3,Broken Function Level Authorization,Missing Role Check,Error,"from flask import Flask, request, jsonify
app = Flask(__name__)

@app.route('/api/settings', methods=['PUT'])
def update_settings():
    settings = request.json
    database.update_settings(settings)
    return jsonify({{""success"": True}})

if __name__ == '__main__':
    app.run()"
4,Security Misconfiguration,CORS Misconfiguration,Error,"from flask import Flask, jsonify
from flask_cors import CORS
app = Flask(__name__)
CORS(app, origins=""*"")

@app.route('/api/data')
def get_data():
    return jsonify({{""secret"": ""sensitive data""}})"
5,Security Misconfiguration,Logging Sensitive Data,Error,"from flask import Flask, request
import logging
app = Flask(__name__)

@app.route('/api/users', methods=['POST'])
def create_user():
    user_data = request.json
    logging.info(f""Creating user: {{user_data}}"")
    return create_user_in_db(user_data)"
6,Security Misconfiguration,Debug Mode Enabled,Error,"from flask import Flask
app = Flask(__name__)

@app.route('/')
def home():
    return ""Hello World""

if __name__ == '__main__':
    app.run(debug=True, host='0.0.0.0')"
7,Security Misconfiguration,Debug Mode Enabled in Production,Good,"from flask import Flask
import os

app = Flask(__name__)

# Set the debug mode based on the FLASK_ENV environment variable
if os.getenv('FLASK_ENV') == 'development':
    app.config['DEBUG'] = True
else:
    app.config['DEBUG'] = False

@app.route('/')
def home():
    return ""Welcome to the home page!""

if __name__ == '__main__':
    app.run(host='0.0.0.0', port=5000)"
8,Broken Function Level Authorization,Insecure Direct Object References,Good,"from flask import Flask, request, jsonify, session

app = Flask(__name__)
app.secret_key = 'supersecretkey'

# Simulating a user database
users = {
    'user1': {'username': 'user1', 'password': 'password1', 'role': 'user'},
    'admin': {'username': 'admin', 'password': 'adminpass', 'role': 'admin'}
}

# Simulated login route
@app.route('/login', methods=['POST'])
def login():
    username = request.json.get('username')
    password = request.json.get('password')
    user = users.get(username)
    if user and user['password'] == password:
        session['username'] = username
        session['role'] = user['role']
        return jsonify({'message': 'Logged in successfully!'})
    return jsonify({'message': 'Invalid credentials!'}), 401

@app.route('/admin/get_all_users', methods=['GET'])
def get_all_users():
    # Check if the user is logged in and has the 'admin' role
    if session.get('role') == 'admin':
        return jsonify({'users': list(users.keys())})
    return jsonify({'message': 'Unauthorized!'}), 401

if __name__ == '__main__':
    app.run(debug=True)"
9,Broken Object Level Authorization,Safe Path Handling,Good,"from flask import Flask, request, send_file, abort
import os
app = Flask(__name__)

UPLOAD_DIR = '/uploads'

@app.route('/download')
def download():
    filename = request.args.get('file')
    safe_path = os.path.abspath(os.path.join(UPLOAD_DIR, filename))
    if not safe_path.startswith(os.path.abspath(UPLOAD_DIR)):
        abort(403)
    if not os.path.exists(safe_path):
        abort(404)
    return send_file(safe_path)"
10,Broken Object Property Level Authorization,Proper Field Filtering,Good,"from flask import Flask, request, jsonify
app = Flask(__name__)

ALLOWED_UPDATE_FIELDS = ['name', 'email']

users = {{1: {{""name"": ""Alice"", ""email"": ""alice@test.com"", ""role"": ""user""}}}}

@app.route('/user/<int:user_id>', methods=['PUT'])
def update_user(user_id):
    if user_id not in users:
        return jsonify({{""error"": ""Not found""}}), 404
    
    update_data = {{k: v for k, v in request.json.items() if k in ALLOWED_UPDATE_FIELDS}}
    users[user_id].update(update_data)
    return jsonify({{""success"": True}})

if __name__ == '__main__':
    app.run()"
11,Broken Object Level Authorization,Direct Object Reference Without Auth,Error,"from flask import Flask, request, jsonify
app = Flask(__name__)

profiles = {1: {""owner"": 1, ""content"": ""Private data""},
              2: {""owner"": 2, ""content"": ""Secret info""}}

@app.route('/user/<int:id>', methods=['PUT'])
def update_document(id):
    if id in profiles:
        profiles[id].update(request.json)
        return jsonify({""success"": ""Updated""})
    return jsonify({""error"": ""Not found""}), 404

if __name__ == '__main__':
    app.run(debug=True)"
12,Security Misconfiguration,Safe Logging Practice,Good,"from flask import Flask, request
import logging
app = Flask(__name__)

SENSITIVE_FIELDS = ['password', 'ssn', 'card', 'cvv', 'token']

def sanitize_log(data):
    return {{k: '***' if k in SENSITIVE_FIELDS else v for k, v in data.items()}}

@app.route('/api/users', methods=['POST'])
def create_user():
    user_data = request.json
    logging.info(f""Creating user: {{sanitize_log(user_data)}}"")
    return create_user_in_db(user_data)"
13,Unsafe Consumption of APIs,Safe Deserialization,Good,"from flask import Flask, request
import yaml
app = Flask(__name__)

@app.route('/config', methods=['POST'])
def config():
    content = request.data.decode('utf-8')
    config = yaml.safe_load(content)
    return str(config)"
14,Security Misconfiguration,Safe Logging Practice,Good,"from flask import Flask, request
import logging
app = Flask(__name__)

logging.basicConfig(level=logging.INFO)

@app.route('/login', methods=['POST'])
def login():
    username = request.json['username']
    password = request.json['password']
    logging.info(f""Login attempt for user: {{username}}"")
    return authenticate(username, password)"
15,Security Misconfiguration,Secure CORS Configuration,Good,"from flask import Flask, jsonify
from flask_cors import CORS
app = Flask(__name__)
CORS(app, origins=[""https://trusted-domain.com""], supports_credentials=True)

@app.route('/api/data')
def get_data():
    return jsonify({{""data"": ""information""}})"
16,Security Misconfiguration,Logging Sensitive Data,Error,"from flask import Flask, request
import logging
app = Flask(__name__)

logging.basicConfig(level=logging.DEBUG)

@app.route('/login', methods=['POST'])
def login():
    username = request.json['username']
    password = request.json['password']
    logging.info(f""Login attempt: {{username}}/{{password}}"")
    return authenticate(username, password)"
17,Improper Inventory Management,Exposed Internal Endpoints,Error,"from flask import Flask, jsonify
app = Flask(__name__)

@app.route('/api/v1/internal/users')
def internal_users():
    return jsonify(database.get_all_internal_users())

@app.route('/api/v2/users')
def v2_users():
    return jsonify(database.get_users())

@app.route('/api/beta/experimental')
def beta_endpoint():
    return jsonify({{""data"": ""experimental feature""}})

if __name__ == '__main__':
    app.run()"
18,Broken Object Level Authorization,Proper Authorization Check,Good,"from flask import Flask, request, jsonify
app = Flask(__name__)

records = {{1: {{""owner_id"": 1, ""data"": ""Private""}},
           2: {{""owner_id"": 2, ""data"": ""Secret""}}}}

def get_current_user():
    token = request.headers.get('Authorization')
    return verify_token(token)

@app.route('/record/<int:record_id>', methods=['PUT'])
def update_record(record_id):
    current_user = get_current_user()
    if not current_user:
        return jsonify({{""error"": ""Unauthorized""}}), 401
    
    record = records.get(record_id)
    if not record:
        return jsonify({{""error"": ""Not found""}}), 404
    
    if record['owner_id'] != current_user['id']:
        return jsonify({{""error"": ""Forbidden""}}), 403
    
    records[record_id].update(request.json)
    return jsonify({{""success"": ""Updated""}})

if __name__ == '__main__':
    app.run()"
19,Security Misconfiguration,Logging Sensitive Data,Error,"from flask import Flask, request
import logging
app = Flask(__name__)

@app.route('/api/users', methods=['POST'])
def create_user():
    user_data = request.json
    logging.info(f""Creating user: {{user_data}}"")
    return create_user_in_db(user_data)"
20,Unrestricted Access to Sensitive Business Flows,Unprotected Financial Operation,Error,"from flask import Flask, request, jsonify
app = Flask(__name__)

@app.route('/transfer', methods=['POST'])
def transfer_money():
    from_account = request.json['from']
    to_account = request.json['to']
    amount = request.json['amount']
    
    execute_transfer(from_account, to_account, amount)
    return jsonify({{""success"": True}})

if __name__ == '__main__':
    app.run()"
21,Broken Object Level Authorization,Unfiltered Resource Access,Error,"from flask import Flask, jsonify
app = Flask(__name__)

users = [
    {""id"": 1, ""user_id"": 1, ""data"": ""User 1 private""},
    {""id"": 2, ""user_id"": 2, ""data"": ""User 2 private""}
]

@app.route('/api/user', methods=['GET'])
def list_documents():
    return jsonify(users)

if __name__ == '__main__':
    app.run()"
22,Security Misconfiguration,Secure CORS Configuration,Good,"from fastapi import FastAPI
from fastapi.middleware.cors import CORSMiddleware
app = FastAPI()

app.add_middleware(
    CORSMiddleware,
    allow_origins=[""https://frontend.example.com""],
    allow_credentials=True,
    allow_methods=[""GET"", ""POST""],
    allow_headers=[""Authorization"", ""Content-Type""],
)

@app.get(""/api/data"")
def get_data():
    return {{""data"": ""information""}}"
23,Improper Inventory Management,Lack of Input Validation,Good,"from flask import Flask, request, jsonify

app = Flask(__name__)

inventory = {
    'item1': 100,
    'item2': 50,
    'item3': 75
}

@app.route('/update_inventory', methods=['POST'])
def update_inventory():
    data = request.get_json()

    item_name = data.get('item_name')
    quantity = data.get('quantity')

    if item_name and quantity is not None:
        # Validate that quantity is a non-negative integer
        if not isinstance(quantity, int) or quantity < 0:
            return jsonify({'error': 'Invalid quantity. It must be a non-negative integer.'}), 400

        if item_name in inventory:
            inventory[item_name] += quantity
            return jsonify({'message': 'Inventory updated successfully'}), 200
        else:
            return jsonify({'error': 'Item not found in inventory'}), 404
    else:
        return jsonify({'error': 'Invalid input data'}), 400

if __name__ == '__main__':
    app.run(debug=True)"
24,Unsafe Consumption of APIs,SQL Injection,Error,"from django.http import JsonResponse
import psycopg2

def get_user(request):
    user_id = request.GET.get('id')
    conn = psycopg2.connect(""dbname=app user=admin"")
    cursor = conn.cursor()
    cursor.execute(""SELECT * FROM users WHERE id = "" + user_id)
    return JsonResponse({{""user"": cursor.fetchone()}})"
25,Broken Function Level Authorization,Predictable Admin URL,Error,"from flask import Flask, jsonify
app = Flask(__name__)

@app.route('/admin_panel', methods=['GET'])
def admin_panel():
    return jsonify(get_admin_data())

@app.route('/admin_panel/config', methods=['POST'])
def update_config():
    return jsonify(update_system_config())

if __name__ == '__main__':
    app.run()"
26,Security Misconfiguration,Missing Security Headers,Error,"from flask import Flask, jsonify
app = Flask(__name__)

@app.route('/api/data')
def get_data():
    response = jsonify({{""data"": ""sensitive""}})
    return response

if __name__ == '__main__':
    app.run()"
27,Security Misconfiguration,Safe Logging Practice,Good,"from flask import Flask, request
import logging
app = Flask(__name__)

SENSITIVE_FIELDS = ['password', 'ssn', 'card', 'cvv', 'token']

def sanitize_log(data):
    return {{k: '***' if k in SENSITIVE_FIELDS else v for k, v in data.items()}}

@app.route('/api/users', methods=['POST'])
def create_user():
    user_data = request.json
    logging.info(f""Creating user: {{sanitize_log(user_data)}}"")
    return create_user_in_db(user_data)"
28,Unrestricted Resource Consumption,Unrestricted File Upload,Error,"from flask import Flask, request
app = Flask(__name__)

@app.route('/upload', methods=['POST'])
def upload():
    file = request.files['file']
    file.save(f'/uploads/{{file.filename}}')
    return ""Uploaded""

if __name__ == '__main__':
    app.run()"
29,Broken Function Level Authorization,Proper Function Authorization,Good,"from flask import Flask, request, jsonify
from functools import wraps
app = Flask(__name__)

def admin_required(f):
    @wraps(f)
    def decorated(*args, **kwargs):
        token = request.headers.get('Authorization')
        user = verify_token(token)
        if not user or user.get('role') != 'admin':
            return jsonify({{""error"": ""Admin access required""}}), 403
        return f(*args, **kwargs)
    return decorated

@app.route('/admin/users', methods=['GET'])
@admin_required
def get_all_users():
    users = database.get_all_users()
    return jsonify(users)

@app.route('/admin/delete/<int:user_id>', methods=['DELETE'])
@admin_required
def delete_user(user_id):
    database.delete_user(user_id)
    return jsonify({{""success"": True}})

if __name__ == '__main__':
    app.run()"
30,Unrestricted Resource Consumption,Proper Resource Limits,Good,"from flask import Flask, request, jsonify
import os
app = Flask(__name__)

ALLOWED_EXTENSIONS = {{'png', 'jpg', 'jpeg', 'gif'}}
MAX_FILE_SIZE = 5 * 1024 * 1024  # 5MB

def allowed_file(filename):
    return '.' in filename and filename.rsplit('.', 1)[1].lower() in ALLOWED_EXTENSIONS

@app.route('/upload', methods=['POST'])
def upload():
    file = request.files.get('file')
    if not file:
        return jsonify({{""error"": ""No file""}}), 400
    
    if not allowed_file(file.filename):
        return jsonify({{""error"": ""Invalid file type""}}), 400
    
    file.seek(0, os.SEEK_END)
    if file.tell() > MAX_FILE_SIZE:
        return jsonify({{""error"": ""File too large""}}), 400
    file.seek(0)
    
    secure_filename = werkzeug.utils.secure_filename(file.filename)
    file.save(os.path.join('/uploads', secure_filename))
    return jsonify({{""success"": True}})

if __name__ == '__main__':
    app.run()"
31,Unrestricted Access to Sensitive Business Flows,Protected Business Flow,Good,"from flask import Flask, request, jsonify
from functools import wraps
app = Flask(__name__)

def require_auth(f):
    @wraps(f)
    def decorated(*args, **kwargs):
        user = authenticate_request(request)
        if not user:
            return jsonify({{""error"": ""Unauthorized""}}), 401
        return f(*args, **kwargs)
    return decorated

def require_2fa(f):
    @wraps(f)
    def decorated(*args, **kwargs):
        otp = request.headers.get('X-OTP')
        if not verify_otp(get_current_user(), otp):
            return jsonify({{""error"": ""2FA required""}}), 403
        return f(*args, **kwargs)
    return decorated

@app.route('/transfer', methods=['POST'])
@require_auth
@require_2fa
def transfer_money():
    user = get_current_user()
    from_account = request.json['from']
    
    if not user_owns_account(user, from_account):
        return jsonify({{""error"": ""Forbidden""}}), 403
    
    amount = request.json['amount']
    if amount > get_daily_limit(user):
        return jsonify({{""error"": ""Exceeds daily limit""}}), 400
    
    execute_transfer(from_account, request.json['to'], amount)
    log_transaction(user, from_account, request.json['to'], amount)
    return jsonify({{""success"": True}})

if __name__ == '__main__':
    app.run()"
32,Unsafe Consumption of APIs,SQL Injection,Error,"from flask import Flask, request, jsonify
import sqlite3
app = Flask(__name__)

@app.route('/search')
def search():
    query = request.args.get('q')
    conn = sqlite3.connect('data.db')
    cursor = conn.cursor()
    cursor.execute(f""SELECT * FROM users WHERE name = '{{query}}'"")
    return jsonify(cursor.fetchall())"
33,Server Side Request Forgery,SSRF with Redirects,Error,"from flask import Flask, request, jsonify
import urllib.request
app = Flask(__name__)

@app.route('/proxy', methods=['GET'])
def proxy():
    url = request.args.get('url')
    with urllib.request.urlopen(url) as response:
        return response.read()

if __name__ == '__main__':
    app.run()"
34,Unsafe Consumption of APIs,Safe Deserialization,Good,"from flask import Flask, request, jsonify
import json
app = Flask(__name__)

@app.route('/load', methods=['POST'])
def load():
    try:
        data = json.loads(request.data)
        validated = validate_schema(data)
        return jsonify(validated)
    except json.JSONDecodeError:
        return jsonify({{""error"": ""Invalid JSON""}}), 400"
35,Unsafe Consumption of APIs,No HTTPS Verification,Error,"from flask import Flask, jsonify
import requests
app = Flask(__name__)

@app.route('/external-data')
def get_external():
    response = requests.get('http://api.example.com/data', verify=False)
    return jsonify(response.json())

if __name__ == '__main__':
    app.run()"
36,Server Side Request Forgery,SSRF in Image Processing,Error,"from flask import Flask, request, jsonify
import requests
from PIL import Image
from io import BytesIO
app = Flask(__name__)

@app.route('/process-image', methods=['POST'])
def process_image():
    image_url = request.json.get('image_url')
    response = requests.get(image_url)
    img = Image.open(BytesIO(response.content))
    return jsonify({{""size"": img.size}})

if __name__ == '__main__':
    app.run()"
37,Unsafe Consumption of APIs,Safe Command Execution,Good,"from flask import Flask, request, abort
import subprocess
import ipaddress
app = Flask(__name__)

@app.route('/lookup')
def lookup():
    domain = request.args.get('domain')
    try:
        ipaddress.ip_address(domain)
    except ValueError:
        if not domain.replace('.', '').replace('-', '').isalnum():
            abort(400)
    result = subprocess.run(['nslookup', domain], capture_output=True, text=True)
    return result.stdout"
38,Security Misconfiguration,Secure CORS Configuration,Good,"from flask import Flask, request, jsonify, abort
app = Flask(__name__)

ALLOWED_ORIGINS = ['https://app.example.com', 'https://admin.example.com']

@app.after_request
def add_cors(response):
    origin = request.headers.get('Origin')
    if origin in ALLOWED_ORIGINS:
        response.headers['Access-Control-Allow-Origin'] = origin
        response.headers['Access-Control-Allow-Credentials'] = 'true'
    return response

@app.route('/api/user')
def get_user():
    return jsonify(get_current_user())"
39,Security Misconfiguration,Proper Output Encoding,Good,"from django.http import HttpResponse
from django.utils.html import escape

def search_results(request):
    query = escape(request.GET.get('q', ''))
    return HttpResponse(f""<html><body>Results for: {{query}}</body></html>"")"
40,Unsafe Consumption of APIs,Validated External API Usage,Good,"from flask import Flask, jsonify
import requests
import os
app = Flask(__name__)

EXTERNAL_API_KEY = os.environ.get('EXTERNAL_API_KEY')
TRUSTED_HOSTS = ['api.trusted-partner.com']

@app.route('/external-data')
def get_external():
    try:
        response = requests.get(
            'https://api.trusted-partner.com/data',
            headers={{'Authorization': f'Bearer {{EXTERNAL_API_KEY}}'}},
            timeout=10,
            verify=True
        )
        response.raise_for_status()
        
        data = response.json()
        validated_data = validate_and_sanitize(data)
        return jsonify(validated_data)
    except Exception as e:
        logging.error(f""External API error: {{e}}"")
        return jsonify({{""error"": ""Service unavailable""}}), 503

if __name__ == '__main__':
    app.run()"
41,Security Misconfiguration,Cross-Site Scripting (XSS),Error,"from django.http import HttpResponse

def search_results(request):
    query = request.GET.get('q', '')
    return HttpResponse(f""<html><body>Results for: {{query}}</body></html>"")"
42,Unsafe Consumption of APIs,SQL Injection,Error,"from fastapi import FastAPI, Query
import sqlite3
app = FastAPI()

@app.get(""/users"")
def get_users(name: str = Query(...)):
    conn = sqlite3.connect(""data.db"")
    cursor = conn.cursor()
    cursor.execute(""SELECT * FROM users WHERE name LIKE '%"" + name + ""%'"")
    return {{""users"": cursor.fetchall()}}"
43,Server Side Request Forgery,SSRF in Image Processing,Error,"from flask import Flask, request, jsonify
import requests
from PIL import Image
from io import BytesIO
app = Flask(__name__)

@app.route('/process-image', methods=['POST'])
def process_image():
    image_url = request.json.get('image_url')
    response = requests.get(image_url)
    img = Image.open(BytesIO(response.content))
    return jsonify({{""size"": img.size}})

if __name__ == '__main__':
    app.run()"
44,Improper Inventory Management,Deprecated Endpoint Active,Error,"from flask import Flask, request, jsonify
app = Flask(__name__)

@app.route('/api/v1/login', methods=['POST'])
def old_login():
    # Deprecated: uses weak auth
    if request.json['pass'] == 'admin':
        return jsonify({{""token"": ""weak_token""}})
    return jsonify({{""error"": ""Invalid""}}), 401

@app.route('/api/v2/login', methods=['POST'])
def new_login():
    return authenticate_properly(request.json)

if __name__ == '__main__':
    app.run()"
45,Broken Authentication,Secure JWT Implementation,Good,"import jwt
import os
from cryptography.hazmat.primitives import serialization
from flask import Flask, request, jsonify
app = Flask(__name__)

with open('private.pem', 'rb') as f:
    PRIVATE_KEY = f.read()
with open('public.pem', 'rb') as f:
    PUBLIC_KEY = f.read()

@app.route('/verify')
def verify():
    token = request.headers.get('Authorization', '').replace('Bearer ', '')
    try:
        data = jwt.decode(token, PUBLIC_KEY, algorithms=[""RS256""])
        return jsonify(data)
    except jwt.InvalidTokenError:
        return jsonify({{""error"": ""Invalid token""}}), 401"
46,Broken Function Level Authorization,No Authorization Check,Error,"from flask import Flask, jsonify
app = Flask(__name__)

@app.route('/admin/users', methods=['GET'])
def get_all_users():
    users = database.get_all_users()
    return jsonify(users)

@app.route('/admin/delete/<int:user_id>', methods=['DELETE'])
def delete_user(user_id):
    database.delete_user(user_id)
    return jsonify({{""success"": True}})

if __name__ == '__main__':
    app.run()"
47,Security Misconfiguration,Proper Output Encoding,Good,"from flask import Flask, request, render_template
app = Flask(__name__)

@app.route('/profile')
def profile():
    bio = request.args.get('bio', '')
    return render_template('profile.html', bio=bio)"
48,Broken Object Level Authorization,Proper Authorization Check,Good,"from flask import Flask, request, jsonify
app = Flask(__name__)

records = {{1: {{""owner_id"": 1, ""data"": ""Private""}},
           2: {{""owner_id"": 2, ""data"": ""Secret""}}}}

def get_current_user():
    token = request.headers.get('Authorization')
    return verify_token(token)

@app.route('/record/<int:record_id>', methods=['PUT'])
def update_record(record_id):
    current_user = get_current_user()
    if not current_user:
        return jsonify({{""error"": ""Unauthorized""}}), 401
    
    record = records.get(record_id)
    if not record:
        return jsonify({{""error"": ""Not found""}}), 404
    
    if record['owner_id'] != current_user['id']:
        return jsonify({{""error"": ""Forbidden""}}), 403
    
    records[record_id].update(request.json)
    return jsonify({{""success"": ""Updated""}})

if __name__ == '__main__':
    app.run()"
49,Unsafe Consumption of APIs,Insufficient Authentication Check,Good,"from flask import Flask, request, jsonify
import requests
import re

app = Flask(__name__)

# Define a function to validate the API key
def validate_api_key(api_key):
    # Implement your API key validation logic here
    # For example, you might check against a list of valid keys or a database
    return api_key == 'your-valid-api-key'

# Define a function to sanitize user input
def sanitize_input(user_input):
    # Perform input sanitization to prevent injection attacks
    if not isinstance(user_input, str):
        raise ValueError(""Invalid input type"")
    sanitized_input = re.sub(r'[^\w\s]', '', user_input)  # Remove non-alphanumeric characters
    return sanitized_input

@app.route('/impl_api', methods=['POST'])
def impl_api():
    api_key = request.headers.get('X-API-Key')
    if not api_key or not validate_api_key(api_key):
        return jsonify({'error': 'Unauthorized access'}), 401

    user_input = request.json.get('user_input')
    if user_input is None:
        return jsonify({'error': 'No input provided'}), 400

    try:
        sanitized_input = sanitize_input(user_input)
    except ValueError as e:
        return jsonify({'error': str(e)}), 400

    # Assume this endpoint consumes an authenticated external API
    try:
        response = requests.post(
            'https://external.api.com/data',
            headers={'X-API-Key': api_key},
            json={'user_input': sanitized_input}
        )
        response.raise_for_status()  # Raise an exception for HTTP errors
    except requests.RequestException as e:
        return jsonify({'error': 'External API request failed', 'details': str(e)}), 500

    return jsonify(response.json()), 200"
50,Broken Authentication,Missing Rate Limiting,Good,"from flask import Flask, request, jsonify
from flask_limiter import Limiter
from flask_limiter.util import get_remote_address

app = Flask(__name__)

# Initialize the rate limiter
limiter = Limiter(
    key_func=get_remote_address,
    default_limits=[""5 per minute""]
)

# Attach the limiter to the app
limiter.init_app(app)

# User data for demonstration purposes
users = {
    'user1': 'password1',
    'user2': 'password2'
}

@app.route('/login', methods=['POST'])
@limiter.limit(""5 per minute"")  # Limit to 5 login attempts per minute per IP
def login():
    data = request.get_json()
    username = data['username']
    password = data['password']

    if username in users and users[username] == password:
        return jsonify({""message"": ""Login successful!""}), 200
    else:
        return jsonify({""message"": ""Invalid credentials""}), 401

if __name__ == '__main__':
    app.run(debug=True)"
51,Unsafe Consumption of APIs,Safe Deserialization,Good,"from flask import Flask, request, jsonify
from marshmallow import Schema, fields, ValidationError
app = Flask(__name__)

class DataSchema(Schema):
    name = fields.Str(required=True)
    value = fields.Int(required=True)

@app.route('/load', methods=['POST'])
def load():
    try:
        data = DataSchema().load(request.json)
        return jsonify(data)
    except ValidationError as e:
        return jsonify({{""error"": e.messages}}), 400"
52,Security Misconfiguration,Cross-Site Scripting (XSS),Error,"from flask import Flask, request
app = Flask(__name__)

@app.route('/greet')
def greet():
    name = request.args.get('name', 'Guest')
    return f""<html><body><h1>Hello {{name}}!</h1></body></html>"""
53,Unsafe Consumption of APIs,Validated External API Usage,Good,"from flask import Flask, jsonify
import requests
import os
app = Flask(__name__)

EXTERNAL_API_KEY = os.environ.get('EXTERNAL_API_KEY')
TRUSTED_HOSTS = ['api.trusted-partner.com']

@app.route('/external-data')
def get_external():
    try:
        response = requests.get(
            'https://api.trusted-partner.com/data',
            headers={{'Authorization': f'Bearer {{EXTERNAL_API_KEY}}'}},
            timeout=10,
            verify=True
        )
        response.raise_for_status()
        
        data = response.json()
        validated_data = validate_and_sanitize(data)
        return jsonify(validated_data)
    except Exception as e:
        logging.error(f""External API error: {{e}}"")
        return jsonify({{""error"": ""Service unavailable""}}), 503

if __name__ == '__main__':
    app.run()"
54,Unsafe Consumption of APIs,Safe Deserialization,Good,"from flask import Flask, request, jsonify
from marshmallow import Schema, fields, ValidationError
app = Flask(__name__)

class DataSchema(Schema):
    name = fields.Str(required=True)
    value = fields.Int(required=True)

@app.route('/load', methods=['POST'])
def load():
    try:
        data = DataSchema().load(request.json)
        return jsonify(data)
    except ValidationError as e:
        return jsonify({{""error"": e.messages}}), 400"
55,Broken Object Property Level Authorization,Mass Assignment,Error,"from flask import Flask, request, jsonify
app = Flask(__name__)

users = {{1: {{""name"": ""Alice"", ""email"": ""alice@test.com"", ""role"": ""user"", ""balance"": 100}}}}

@app.route('/user/<int:user_id>', methods=['PUT'])
def update_user(user_id):
    if user_id in users:
        users[user_id].update(request.json)
        return jsonify({{""success"": True}})
    return jsonify({{""error"": ""Not found""}}), 404

if __name__ == '__main__':
    app.run()"
56,Unrestricted Resource Consumption,Unrestricted File Upload,Error,"from flask import Flask, request

app = Flask(__name__)

@app.route('/upload', methods=['POST'])
def upload_file():
    if 'file' not in request.files:
        return ""No file part""
    file = request.files['file']
    if file.filename == '':
        return ""No selected file""
    file.save(f""./uploads/{file.filename}"")
    return ""File uploaded successfully""

if __name__ == '__main__':
    app.run(debug=True)"
57,Broken Function Level Authorization,No Authorization Check,Error,"from flask import Flask, jsonify
app = Flask(__name__)

@app.route('/admin/users', methods=['GET'])
def get_all_users():
    users = database.get_all_users()
    return jsonify(users)

@app.route('/admin/delete/<int:user_id>', methods=['DELETE'])
def delete_user(user_id):
    database.delete_user(user_id)
    return jsonify({{""success"": True}})

if __name__ == '__main__':
    app.run()"
58,Security Misconfiguration,Safe Logging Practice,Good,"from flask import Flask, request
import logging
app = Flask(__name__)

def mask_card(card):
    return f""****{{card[-4:]}}""

@app.route('/payment', methods=['POST'])
def payment():
    card_number = request.json['card']
    cvv = request.json['cvv']
    logging.info(f""Processing payment for card: {{mask_card(card_number)}}"")
    return process_payment(card_number, cvv)"
59,Unsafe Consumption of APIs,Trusting External Data,Error,"from flask import Flask, jsonify
import requests
app = Flask(__name__)

@app.route('/product/<id>')
def get_product(id):
    response = requests.get(f'https://partner-api.com/products/{{id}}')
    product = response.json()
    
    # Directly using external data in SQL
    database.execute(f""INSERT INTO products VALUES ('{{product['name']}}', {{product['price']}})"")
    return jsonify(product)

if __name__ == '__main__':
    app.run()"
60,Server Side Request Forgery,Basic SSRF,Error,"from flask import Flask, request, jsonify
import requests
app = Flask(__name__)

@app.route('/fetch', methods=['POST'])
def fetch_url():
    url = request.json.get('url')
    response = requests.get(url)
    return jsonify({{""content"": response.text}})

if __name__ == '__main__':
    app.run()"
61,Security Misconfiguration,Proper Output Encoding,Good,"from flask import Flask, request, render_template
app = Flask(__name__)

@app.route('/profile')
def profile():
    bio = request.args.get('bio', '')
    return render_template('profile.html', bio=bio)"
62,Security Misconfiguration,Proper Output Encoding,Good,"from django.http import HttpResponse
from django.utils.html import escape

def search_results(request):
    query = escape(request.GET.get('q', ''))
    return HttpResponse(f""<html><body>Results for: {{query}}</body></html>"")"
63,Security Misconfiguration,Secure CORS Configuration,Good,"from flask import Flask, request, jsonify, abort
app = Flask(__name__)

ALLOWED_ORIGINS = ['https://app.example.com', 'https://admin.example.com']

@app.after_request
def add_cors(response):
    origin = request.headers.get('Origin')
    if origin in ALLOWED_ORIGINS:
        response.headers['Access-Control-Allow-Origin'] = origin
        response.headers['Access-Control-Allow-Credentials'] = 'true'
    return response

@app.route('/api/user')
def get_user():
    return jsonify(get_current_user())"
64,Broken Authentication,Insecure Session Management,Error,"from flask import Flask, request, session
app = Flask(__name__)
app.secret_key = 'secret'

@app.route('/login', methods=['POST'])
def login():
    username = request.form['username']
    session['user'] = username
    session['logged_in'] = True
    return ""Logged in""

@app.route('/dashboard')
def dashboard():
    if session.get('logged_in'):
        return f""Welcome {{session['user']}}""
    return ""Please login""

if __name__ == '__main__':
    app.run()"
65,Unrestricted Resource Consumption,Unrestricted Loop in a Route,Good,"from flask import Flask, request, abort

app = Flask(__name__)

@app.route('/compute')
def compute():
    try:
        # Get the iterations parameter and default to 1000 if not provided
        iterations = int(request.args.get('iterations', '1000'))
    except ValueError:
        return ""Invalid input: iterations must be an integer"", 400

    # Limit the maximum number of iterations to 10,000
    max_iterations = 10000
    if iterations < 1 or iterations > max_iterations:
        return f""Iterations must be between 1 and {max_iterations}"", 400

    result = 0
    for i in range(iterations):
        result += i * i

    return f""Computed sum of squares: {result}""

if __name__ == '__main__':
    app.run(debug=True)"
66,Security Misconfiguration,Proper Output Encoding,Good,"from fastapi import FastAPI
from fastapi.responses import HTMLResponse
import html
app = FastAPI()

@app.get(""/comment"", response_class=HTMLResponse)
def show_comment(text: str):
    safe_text = html.escape(text)
    return f""<div class='comment'>{{safe_text}}</div>"""
67,Broken Object Property Level Authorization,Sensitive Data Exposure,Error,"from flask import Flask, jsonify
app = Flask(__name__)

users = {{
    1: {{""name"": ""Alice"", ""email"": ""alice@test.com"", ""password_hash"": ""abc123"", ""ssn"": ""123-45-6789""}}
}}

@app.route('/user/<int:user_id>', methods=['GET'])
def get_user(user_id):
    return jsonify(users.get(user_id, {{}}))

if __name__ == '__main__':
    app.run()"
68,Security Misconfiguration,CORS Misconfiguration,Error,"from fastapi import FastAPI
from fastapi.middleware.cors import CORSMiddleware
app = FastAPI()

app.add_middleware(
    CORSMiddleware,
    allow_origins=[""*""],
    allow_credentials=True,
    allow_methods=[""*""],
    allow_headers=[""*""],
)

@app.get(""/api/data"")
def get_data():
    return {{""secret"": ""data""}}"
69,Broken Object Property Level Authorization,Proper Field Filtering,Good,"from flask import Flask, jsonify
app = Flask(__name__)

SAFE_FIELDS = ['name', 'email', 'created_at']

users = {{
    1: {{""name"": ""Alice"", ""email"": ""alice@test.com"", ""password_hash"": ""abc"", ""ssn"": ""123""}}
}}

@app.route('/user/<int:user_id>', methods=['GET'])
def get_user(user_id):
    user = users.get(user_id)
    if user:
        safe_user = {{k: v for k, v in user.items() if k in SAFE_FIELDS}}
        return jsonify(safe_user)
    return jsonify({{""error"": ""Not found""}}), 404

if __name__ == '__main__':
    app.run()"
70,Broken Object Level Authorization,Safe Path Handling,Good,"from fastapi import FastAPI, HTTPException
from fastapi.responses import FileResponse
import os
app = FastAPI()

STORAGE_DIR = ""storage""

@app.get(""/files/{{filename}}"")
def get_file(filename: str):
    safe_filename = os.path.basename(filename)
    filepath = os.path.join(STORAGE_DIR, safe_filename)
    
    if not os.path.exists(filepath):
        raise HTTPException(status_code=404)
    if not os.path.abspath(filepath).startswith(os.path.abspath(STORAGE_DIR)):
        raise HTTPException(status_code=403)
    
    return FileResponse(filepath)"
71,Security Misconfiguration,CORS Misconfiguration,Error,"from flask import Flask, jsonify
from flask_cors import CORS
app = Flask(__name__)
CORS(app, origins=""*"")

@app.route('/api/data')
def get_data():
    return jsonify({{""secret"": ""sensitive data""}})"
72,Broken Function Level Authorization,Proper Function Authorization,Good,"from flask import Flask, request, jsonify
from functools import wraps
app = Flask(__name__)

def admin_required(f):
    @wraps(f)
    def decorated(*args, **kwargs):
        token = request.headers.get('Authorization')
        user = verify_token(token)
        if not user or user.get('role') != 'admin':
            return jsonify({{""error"": ""Admin access required""}}), 403
        return f(*args, **kwargs)
    return decorated

@app.route('/admin/users', methods=['GET'])
@admin_required
def get_all_users():
    users = database.get_all_users()
    return jsonify(users)

@app.route('/admin/delete/<int:user_id>', methods=['DELETE'])
@admin_required
def delete_user(user_id):
    database.delete_user(user_id)
    return jsonify({{""success"": True}})

if __name__ == '__main__':
    app.run()"
73,Broken Authentication,Secure Authentication Implementation,Good,"from flask import Flask, request, jsonify
from werkzeug.security import generate_password_hash, check_password_hash
import os
app = Flask(__name__)
app.secret_key = os.environ.get('SECRET_KEY')

users_db = {}

@app.route('/register', methods=['POST'])
def register():
    username = request.json.get('username')
    password = request.json.get('password')
    
    if len(password) < 12:
        return jsonify({{""error"": ""Password must be at least 12 characters""}}), 400
    
    hashed = generate_password_hash(password)
    users_db[username] = hashed
    return jsonify({{""success"": True}})

@app.route('/login', methods=['POST'])
def login():
    username = request.json.get('username')
    password = request.json.get('password')
    
    stored_hash = users_db.get(username)
    if stored_hash and check_password_hash(stored_hash, password):
        token = generate_secure_token(username)
        return jsonify({{""token"": token}})
    return jsonify({{""error"": ""Invalid credentials""}}), 401

if __name__ == '__main__':
    app.run()"
74,Unsafe Consumption of APIs,Command Injection,Error,"from flask import Flask, request
import os
app = Flask(__name__)

@app.route('/ping')
def ping():
    host = request.args.get('host')
    output = os.popen(f'ping -c 1 {{host}}').read()
    return output"
75,Server Side Request Forgery,Basic SSRF Vulnerability,Error,"from flask import Flask, request, jsonify
import requests

app = Flask(__name__)

@app.route('/fetch')
def fetch():
    url = request.args.get('url')
    if not url:
        return jsonify({'error': 'No URL provided'}), 400
    try:
        response = requests.get(url)
        return jsonify({'content': response.text})
    except Exception as e:
        return jsonify({'error': str(e)}), 500

if __name__ == '__main__':
    app.run(debug=True)"
76,Unsafe Consumption of APIs,Safe Command Execution,Good,"from flask import Flask, request, abort
import subprocess
from werkzeug.utils import secure_filename
app = Flask(__name__)

ALLOWED_EXT = ['jpg', 'png', 'gif']

@app.route('/convert')
def convert():
    filename = request.args.get('file')
    safe_name = secure_filename(filename)
    if not any(safe_name.endswith(ext) for ext in ALLOWED_EXT):
        abort(400)
    subprocess.run(['convert', safe_name, 'output.png'], check=True)
    return ""Converted"""
77,Broken Authentication,Signature Verification Disabled,Error,"import jwt
from flask import Flask, request
app = Flask(__name__)

@app.route('/data')
def get_data():
    token = request.args.get('token')
    data = jwt.decode(token, options={{""verify_signature"": False}})
    return {{""user"": data.get('user')}}"
78,Security Misconfiguration,Secure Configuration,Good,"from flask import Flask
import os
app = Flask(__name__)

app.config['SECRET_KEY'] = os.environ.get('SECRET_KEY')
app.config['DEBUG'] = False
app.config['TESTING'] = False

@app.after_request
def add_security_headers(response):
    response.headers['X-Content-Type-Options'] = 'nosniff'
    response.headers['X-Frame-Options'] = 'DENY'
    response.headers['X-XSS-Protection'] = '1; mode=block'
    response.headers['Strict-Transport-Security'] = 'max-age=31536000; includeSubDomains'
    response.headers['Content-Security-Policy'] = ""default-src 'self'""
    return response

@app.route('/')
def home():
    return ""Hello World""

if __name__ == '__main__':
    app.run(host='127.0.0.1')"
79,Improper Inventory Management,Insecure Direct Object Reference (IDOR),Good,"from flask import Flask, request, jsonify, abort
from functools import wraps

app = Flask(__name__)

# Sample inventory
inventory = {
    'item1': 100,
    'item2': 50,
    'item3': 75
}

# Basic authentication credentials (username:password)
AUTHORIZED_USERS = {
    'user1': 'password123'
}

def check_auth(username, password):
    return AUTHORIZED_USERS.get(username) == password

def authenticate():
    return jsonify({'error': 'Authentication required'}), 401

def requires_auth(f):
    @wraps(f)
    def decorated(*args, **kwargs):
        auth = request.authorization
        if not auth or not check_auth(auth.username, auth.password):
            return authenticate()
        return f(*args, **kwargs)
    return decorated

@app.route('/get_inventory/<item_name>', methods=['GET'])
@requires_auth
def get_inventory(item_name):
    # Basic validation of item_name
    if not item_name.isalnum() or len(item_name) > 50:
        return jsonify({'error': 'Invalid item name'}), 400

    if item_name in inventory:
        return jsonify({'item_name': item_name, 'quantity': inventory[item_name]}), 200
    else:
        return jsonify({'error': 'Item not found in inventory'}), 404

if __name__ == '__main__':
    app.run(debug=True)"
80,Unsafe Consumption of APIs,Insecure Deserialization,Error,"from flask import Flask, request
import pickle
app = Flask(__name__)

@app.route('/load', methods=['POST'])
def load():
    data = request.data
    obj = pickle.loads(data)
    return str(obj)"
81,Broken Authentication,Weak JWT Algorithm,Error,"import jwt
from flask import Flask, request, jsonify
app = Flask(__name__)

SECRET = ""secret123""

@app.route('/verify')
def verify():
    token = request.headers.get('Authorization')
    try:
        data = jwt.decode(token, SECRET, algorithms=[""HS256"", ""none""])
        return jsonify(data)
    except:
        return jsonify({{""error"": ""Invalid token""}}), 401"
82,Unsafe Consumption of APIs,Parameterized Query,Good,"from fastapi import FastAPI, Query
import sqlite3
app = FastAPI()

@app.get(""/users"")
def get_users(name: str = Query(...)):
    conn = sqlite3.connect(""data.db"")
    cursor = conn.cursor()
    cursor.execute(""SELECT * FROM users WHERE name LIKE ?"", (f'%{{name}}%',))
    return {{""users"": cursor.fetchall()}}"
83,Security Misconfiguration,Proper Output Encoding,Good,"from flask import Flask, request, render_template
app = Flask(__name__)

@app.route('/profile')
def profile():
    bio = request.args.get('bio', '')
    return render_template('profile.html', bio=bio)"
84,Unsafe Consumption of APIs,Insecure Deserialization,Error,"from flask import Flask, request
import marshal
app = Flask(__name__)

@app.route('/execute', methods=['POST'])
def execute():
    code = marshal.loads(request.data)
    exec(code)
    return ""Executed"""
85,Server Side Request Forgery,Basic SSRF Vulnerability,Good,"from flask import Flask, request, jsonify
import requests
from urllib.parse import urlparse

app = Flask(__name__)

# List of allowed domains
ALLOWED_DOMAINS = ['example.com', 'another-allowed-domain.com']

def is_url_allowed(url):
    try:
        parsed_url = urlparse(url)
        domain = parsed_url.netloc
        return any(domain.endswith(allowed_domain) for allowed_domain in ALLOWED_DOMAINS)
    except Exception:
        return False

@app.route('/fetch')
def fetch():
    url = request.args.get('url')
    if not url:
        return jsonify({'error': 'No URL provided'}), 400
    
    if not is_url_allowed(url):
        return jsonify({'error': 'URL is not allowed'}), 400
    
    try:
        response = requests.get(url)
        return jsonify({'content': response.text})
    except Exception as e:
        return jsonify({'error': str(e)}), 500

if __name__ == '__main__':
    app.run(debug=True)"
86,Unsafe Consumption of APIs,Safe Deserialization,Good,"from flask import Flask, request, jsonify
import json
app = Flask(__name__)

@app.route('/load', methods=['POST'])
def load():
    try:
        data = json.loads(request.data)
        validated = validate_schema(data)
        return jsonify(validated)
    except json.JSONDecodeError:
        return jsonify({{""error"": ""Invalid JSON""}}), 400"
87,Unsafe Consumption of APIs,Safe Command Execution,Good,"from flask import Flask, request, abort
import subprocess
from werkzeug.utils import secure_filename
app = Flask(__name__)

ALLOWED_EXT = ['jpg', 'png', 'gif']

@app.route('/convert')
def convert():
    filename = request.args.get('file')
    safe_name = secure_filename(filename)
    if not any(safe_name.endswith(ext) for ext in ALLOWED_EXT):
        abort(400)
    subprocess.run(['convert', safe_name, 'output.png'], check=True)
    return ""Converted"""
88,Broken Object Property Level Authorization,Lack of Authorization Check,Good,"from flask import Flask, request, jsonify

app = Flask(__name__)

# Dummy data (normally would come from a database)
users = [
    {'id': 1, 'username': 'alice', 'role': 'admin'},
    {'id': 2, 'username': 'bob', 'role': 'user'}
]

# Simulate current user (for example purposes only)
def get_current_user():
    # In a real application, this should be obtained from session/authentication
    # For example, assume the current user is 'bob' with id 2
    return {'id': 2, 'username': 'bob', 'role': 'user'}

@app.route('/api/users/<int:user_id>', methods=['GET'])
def get_user(user_id):
    # Retrieve the user from the data
    user = next((user for user in users if user['id'] == user_id), None)

    if not user:
        return jsonify({'error': 'User not found'}), 404

    # Get the current user
    current_user = get_current_user()

    # Authorization check
    if current_user['role'] != 'admin' and current_user['id'] != user_id:
        return jsonify({'error': 'Unauthorized access'}), 403

    return jsonify({'username': user['username']}), 200

if __name__ == '__main__':
    app.run(debug=True)"
89,Unrestricted Resource Consumption,Unrestricted Database Query,Error,"from flask import Flask, request, jsonify
app = Flask(__name__)

@app.route('/search', methods=['GET'])
def search():
    query = request.args.get('q')
    limit = request.args.get('limit', 1000000)
    results = database.query(f""SELECT * FROM items WHERE name LIKE '%{{query}}%' LIMIT {{limit}}"")
    return jsonify(results)

if __name__ == '__main__':
    app.run()"
90,Security Misconfiguration,CORS Misconfiguration,Error,"from flask import Flask, jsonify
from flask_cors import CORS
app = Flask(__name__)
CORS(app, origins=""*"")

@app.route('/api/data')
def get_data():
    return jsonify({{""secret"": ""sensitive data""}})"
91,Improper Inventory Management,Proper API Versioning,Good,"from flask import Flask, jsonify, request
from functools import wraps
import os
app = Flask(__name__)

ACTIVE_VERSIONS = ['v2', 'v3']

def version_check(f):
    @wraps(f)
    def decorated(*args, **kwargs):
        version = request.path.split('/')[2] if len(request.path.split('/')) > 2 else None
        if version not in ACTIVE_VERSIONS:
            return jsonify({{""error"": ""API version deprecated or not found""}}), 404
        return f(*args, **kwargs)
    return decorated

@app.route('/api/v2/users')
@version_check
def get_users():
    return jsonify(database.get_users())

@app.route('/api/v3/users')
@version_check  
def get_users_v3():
    return jsonify(database.get_users_paginated())

if __name__ == '__main__':
    app.run()"
92,Unrestricted Resource Consumption,Unrestricted Loop,Error,"from flask import Flask, request, jsonify
app = Flask(__name__)

@app.route('/process', methods=['POST'])
def process():
    count = int(request.json.get('count', 0))
    result = []
    for i in range(count):
        result.append(expensive_operation(i))
    return jsonify(result)

if __name__ == '__main__':
    app.run()"
93,Unsafe Consumption of APIs,Insecure Deserialization,Error,"from flask import Flask, request
import marshal
app = Flask(__name__)

@app.route('/execute', methods=['POST'])
def execute():
    code = marshal.loads(request.data)
    exec(code)
    return ""Executed"""
94,Broken Authentication,Secure JWT Implementation,Good,"import jwt
import os
from flask import Flask, request, jsonify
from datetime import datetime, timedelta
app = Flask(__name__)

SECRET = os.environ.get('JWT_SECRET')

@app.route('/verify')
def verify():
    token = request.headers.get('Authorization', '').replace('Bearer ', '')
    try:
        data = jwt.decode(token, SECRET, algorithms=[""HS256""])
        return jsonify(data)
    except jwt.ExpiredSignatureError:
        return jsonify({{""error"": ""Token expired""}}), 401
    except jwt.InvalidTokenError:
        return jsonify({{""error"": ""Invalid token""}}), 401"
95,Unsafe Consumption of APIs,Safe Deserialization,Good,"from flask import Flask, request, jsonify
from marshmallow import Schema, fields, ValidationError
app = Flask(__name__)

class DataSchema(Schema):
    name = fields.Str(required=True)
    value = fields.Int(required=True)

@app.route('/load', methods=['POST'])
def load():
    try:
        data = DataSchema().load(request.json)
        return jsonify(data)
    except ValidationError as e:
        return jsonify({{""error"": e.messages}}), 400"
96,Security Misconfiguration,Proper Output Encoding,Good,"from fastapi import FastAPI
from fastapi.responses import HTMLResponse
import html
app = FastAPI()

@app.get(""/comment"", response_class=HTMLResponse)
def show_comment(text: str):
    safe_text = html.escape(text)
    return f""<div class='comment'>{{safe_text}}</div>"""
97,Broken Authentication,Secure Authentication Implementation,Good,"from flask import Flask, request, jsonify
from werkzeug.security import generate_password_hash, check_password_hash
import os
app = Flask(__name__)
app.secret_key = os.environ.get('SECRET_KEY')

users_db = {}

@app.route('/register', methods=['POST'])
def register():
    username = request.json.get('username')
    password = request.json.get('password')
    
    if len(password) < 12:
        return jsonify({{""error"": ""Password must be at least 12 characters""}}), 400
    
    hashed = generate_password_hash(password)
    users_db[username] = hashed
    return jsonify({{""success"": True}})

@app.route('/login', methods=['POST'])
def login():
    username = request.json.get('username')
    password = request.json.get('password')
    
    stored_hash = users_db.get(username)
    if stored_hash and check_password_hash(stored_hash, password):
        token = generate_secure_token(username)
        return jsonify({{""token"": token}})
    return jsonify({{""error"": ""Invalid credentials""}}), 401

if __name__ == '__main__':
    app.run()"
98,Security Misconfiguration,Proper Output Encoding,Good,"from fastapi import FastAPI
from fastapi.responses import HTMLResponse
import html
app = FastAPI()

@app.get(""/comment"", response_class=HTMLResponse)
def show_comment(text: str):
    safe_text = html.escape(text)
    return f""<div class='comment'>{{safe_text}}</div>"""
99,Broken Object Level Authorization,Proper Authorization Check,Good,"from flask import Flask, request, jsonify
from functools import wraps
app = Flask(__name__)

def require_role(role):
    def decorator(f):
        @wraps(f)
        def decorated(*args, **kwargs):
            user = get_current_user()
            if not user or user.get('role') != role:
                return jsonify({{""error"": ""Forbidden""}}), 403
            return f(*args, **kwargs)
        return decorated
    return decorator

@app.route('/admin/users', methods=['GET'])
@require_role('admin')
def list_all_users():
    return jsonify(users)

if __name__ == '__main__':
    app.run()"
100,Security Misconfiguration,Secure CORS Configuration,Good,"from flask import Flask, request, jsonify, abort
app = Flask(__name__)

ALLOWED_ORIGINS = ['https://app.example.com', 'https://admin.example.com']

@app.after_request
def add_cors(response):
    origin = request.headers.get('Origin')
    if origin in ALLOWED_ORIGINS:
        response.headers['Access-Control-Allow-Origin'] = origin
        response.headers['Access-Control-Allow-Credentials'] = 'true'
    return response

@app.route('/api/user')
def get_user():
    return jsonify(get_current_user())"
101,Server Side Request Forgery,URL Validation and Allowlist,Good,"from flask import Flask, request, jsonify
import requests
import ipaddress
from urllib.parse import urlparse
import socket
app = Flask(__name__)

def is_internal_ip(hostname):
    try:
        ip = socket.gethostbyname(hostname)
        ip_obj = ipaddress.ip_address(ip)
        return ip_obj.is_private or ip_obj.is_loopback or ip_obj.is_reserved
    except:
        return True

@app.route('/fetch', methods=['POST'])
def fetch_url():
    url = request.json.get('url')
    parsed = urlparse(url)
    
    if is_internal_ip(parsed.hostname):
        return jsonify({{""error"": ""Internal URLs not allowed""}}), 400
    
    response = requests.get(url, allow_redirects=False, timeout=5)
    return jsonify({{""content"": response.text}})

if __name__ == '__main__':
    app.run()"
102,Security Misconfiguration,Cross-Site Scripting (XSS),Error,"from fastapi import FastAPI
from fastapi.responses import HTMLResponse
app = FastAPI()

@app.get(""/comment"", response_class=HTMLResponse)
def show_comment(text: str):
    return f""<div class='comment'>{{text}}</div>"""
103,Unsafe Consumption of APIs,Command Injection,Error,"from flask import Flask, request
import os
app = Flask(__name__)

@app.route('/lookup')
def lookup():
    domain = request.args.get('domain')
    return os.system(f'nslookup {{domain}}')"
104,Broken Object Level Authorization,Proper Authorization Check,Good,"from flask import Flask, request, jsonify
app = Flask(__name__)

users = {{1: {{""name"": ""Alice"", ""email"": ""alice@example.com""}},
         2: {{""name"": ""Bob"", ""email"": ""bob@example.com""}}}}
api_keys = {{""key_alice"": 1, ""key_bob"": 2}}

def get_user_from_token(token):
    return api_keys.get(token)

@app.route('/user/<int:user_id>', methods=['GET'])
def get_user(user_id):
    token = request.headers.get('Authorization')
    if not token:
        return jsonify({{""error"": ""Missing authorization""}}), 401
    
    requesting_user = get_user_from_token(token)
    if requesting_user != user_id:
        return jsonify({{""error"": ""Unauthorized""}}), 403
    
    user = users.get(user_id)
    if user:
        return jsonify(user)
    return jsonify({{""error"": ""Not found""}}), 404

if __name__ == '__main__':
    app.run()"
105,Broken Authentication,Insecure Session Management,Error,"from flask import Flask, request, jsonify, session
import hashlib

app = Flask(__name__)
app.secret_key = 'supersecretkey'

# User data for demonstration purposes
users = {
    'user1': 'password1',
    'user2': 'password2'
}

@app.route('/login', methods=['POST'])
def login():
    data = request.get_json()
    username = data['username']
    password = data['password']

    if username in users and users[username] == password:
        # Predictable session ID
        session_id = hashlib.md5(username.encode()).hexdigest()
        session['user'] = session_id
        return jsonify({""message"": ""Login successful!"", ""session_id"": session_id}), 200
    else:
        return jsonify({""message"": ""Invalid credentials""}), 401

if __name__ == '__main__':
    app.run(debug=True)"
106,Security Misconfiguration,CORS Misconfiguration,Error,"from flask import Flask, request, jsonify
app = Flask(__name__)

@app.after_request
def add_cors(response):
    origin = request.headers.get('Origin')
    response.headers['Access-Control-Allow-Origin'] = origin
    response.headers['Access-Control-Allow-Credentials'] = 'true'
    return response

@app.route('/api/user')
def get_user():
    return jsonify(get_current_user())"
107,Unsafe Consumption of APIs,Insecure Deserialization,Error,"from flask import Flask, request
import yaml
app = Flask(__name__)

@app.route('/config', methods=['POST'])
def config():
    content = request.data.decode('utf-8')
    config = yaml.load(content)
    return str(config)"
108,Improper Inventory Management,Exposed Internal Endpoints,Error,"from flask import Flask, jsonify
app = Flask(__name__)

@app.route('/api/v1/internal/users')
def internal_users():
    return jsonify(database.get_all_internal_users())

@app.route('/api/v2/users')
def v2_users():
    return jsonify(database.get_users())

@app.route('/api/beta/experimental')
def beta_endpoint():
    return jsonify({{""data"": ""experimental feature""}})

if __name__ == '__main__':
    app.run()"
109,Broken Object Property Level Authorization,Proper Field Filtering,Good,"from flask import Flask, request, jsonify
app = Flask(__name__)

ALLOWED_UPDATE_FIELDS = ['name', 'email']

users = {{1: {{""name"": ""Alice"", ""email"": ""alice@test.com"", ""role"": ""user""}}}}

@app.route('/user/<int:user_id>', methods=['PUT'])
def update_user(user_id):
    if user_id not in users:
        return jsonify({{""error"": ""Not found""}}), 404
    
    update_data = {{k: v for k, v in request.json.items() if k in ALLOWED_UPDATE_FIELDS}}
    users[user_id].update(update_data)
    return jsonify({{""success"": True}})

if __name__ == '__main__':
    app.run()"
110,Broken Object Property Level Authorization,Proper Field Filtering,Good,"from flask import Flask, request, jsonify
app = Flask(__name__)

ALLOWED_UPDATE_FIELDS = ['name', 'email']

users = {{1: {{""name"": ""Alice"", ""email"": ""alice@test.com"", ""role"": ""user""}}}}

@app.route('/user/<int:user_id>', methods=['PUT'])
def update_user(user_id):
    if user_id not in users:
        return jsonify({{""error"": ""Not found""}}), 404
    
    update_data = {{k: v for k, v in request.json.items() if k in ALLOWED_UPDATE_FIELDS}}
    users[user_id].update(update_data)
    return jsonify({{""success"": True}})

if __name__ == '__main__':
    app.run()"
111,Broken Function Level Authorization,Missing Role Check in URL Routing,Good,"from flask import Flask, request, jsonify, session

app = Flask(__name__)
app.secret_key = 'supersecretkey'

# Simulating a user database
users = {
    'user1': {'username': 'user1', 'password': 'password1', 'role': 'user'},
    'admin': {'username': 'admin', 'password': 'adminpass', 'role': 'admin'}
}

# Simulated login route
@app.route('/login', methods=['POST'])
def login():
    username = request.json.get('username')
    password = request.json.get('password')
    user = users.get(username)
    if user and user['password'] == password:
        session['username'] = username
        session['role'] = user['role']
        return jsonify({'message': 'Logged in successfully!'})
    return jsonify({'message': 'Invalid credentials!'}), 401

# Role check added to the endpoint
@app.route('/admin/update_user/<username>', methods=['POST'])
def update_user(username):
    if 'username' not in session:
        return jsonify({'message': 'Unauthorized!'}), 401
    
    if session.get('role') != 'admin':
        return jsonify({'message': 'Forbidden! You do not have the required role.'}), 403

    new_data = request.json
    if username in users:
        users[username].update(new_data)
        return jsonify({'message': f'User {username} updated successfully!'})
    return jsonify({'message': 'User not found!'}), 404

if __name__ == '__main__':
    app.run(debug=True)"
112,Broken Object Property Level Authorization,Lack of Authorization Check,Error,"from flask import Flask, request, jsonify
app = Flask(__name__)

# Dummy data (normally would come from a database)
users = [
    {'id': 1, 'username': 'alice', 'role': 'admin'},
    {'id': 2, 'username': 'bob', 'role': 'user'}
]

@app.route('/api/users/<int:user_id>', methods=['GET'])
def get_user(user_id):
    # Assume user_id comes from the request
    user = next((user for user in users if user['id'] == user_id), None)

    if not user:
        return jsonify({'error': 'User not found'}), 404

    # No authorization check here!
    return jsonify({'username': user['username']}), 200

if __name__ == '__main__':
    app.run(debug=True)"
113,Broken Object Level Authorization,Missing Role-Based Access Control,Error,"from flask import Flask, request, jsonify
app = Flask(__name__)

profiles = {}

@app.route('/account/<int:id>', methods=['DELETE'])
def delete_profile(id):
    if id in profiles:
        del profiles[id]
        return jsonify({""success"": ""Deleted""})
    return jsonify({""error"": ""Not found""}), 404

if __name__ == '__main__':
    app.run()"
114,Unrestricted Resource Consumption,Unrestricted Database Queries,Good,"from flask import Flask, request, jsonify
from flask_sqlalchemy import SQLAlchemy

app = Flask(__name__)
app.config['SQLALCHEMY_DATABASE_URI'] = 'sqlite:///example.db'
db = SQLAlchemy(app)

class User(db.Model):
    id = db.Column(db.Integer, primary_key=True)
    name = db.Column(db.String(80), nullable=False)

@app.route('/users')
def get_users():
    try:
        limit = int(request.args.get('limit', '100'))  # default to 100 if not provided
        MAX_LIMIT = 1000  # define a maximum limit
        if limit > MAX_LIMIT:
            limit = MAX_LIMIT
        users = User.query.limit(limit).all()
        return jsonify({""users"": [user.name for user in users]})
    except ValueError:
        return jsonify({""error"": ""Invalid limit value""}), 400

if __name__ == '__main__':
    app.run(debug=True)"
115,Broken Authentication,Secure JWT Implementation,Good,"import jwt
import os
from flask import Flask, request, jsonify
from datetime import datetime, timedelta
app = Flask(__name__)

SECRET = os.environ.get('JWT_SECRET')

@app.route('/verify')
def verify():
    token = request.headers.get('Authorization', '').replace('Bearer ', '')
    try:
        data = jwt.decode(token, SECRET, algorithms=[""HS256""])
        return jsonify(data)
    except jwt.ExpiredSignatureError:
        return jsonify({{""error"": ""Token expired""}}), 401
    except jwt.InvalidTokenError:
        return jsonify({{""error"": ""Invalid token""}}), 401"
116,Unsafe Consumption of APIs,Parameterized Query,Good,"from flask import Flask, request
import mysql.connector
app = Flask(__name__)

@app.route('/login', methods=['POST'])
def login():
    username = request.form['username']
    password = request.form['password']
    conn = mysql.connector.connect(host='localhost', database='app')
    cursor = conn.cursor()
    cursor.execute(""SELECT * FROM users WHERE username=%s AND password=%s"", (username, password))
    return ""Success"" if cursor.fetchone() else ""Failed"""
117,Improper Inventory Management,Insufficient Authentication and Authorization,Error,"from flask import Flask, request, jsonify

app = Flask(__name__)

admin_token = 'secret_admin_token'

inventory = {
    'item1': 100,
    'item2': 50,
    'item3': 75
}

@app.route('/add_item', methods=['POST'])
def add_item():
    token = request.headers.get('Authorization')

    if token == admin_token:
        data = request.get_json()
        item_name = data.get('item_name')
        quantity = data.get('quantity')

        if item_name and quantity:
            inventory[item_name] = quantity  
            return jsonify({'message': 'Item added to inventory'}), 200
        else:
            return jsonify({'error': 'Invalid input data'}), 400
    else:
        return jsonify({'error': 'Unauthorized access'}), 401

if __name__ == '__main__':
    app.run(debug=True)"
118,Security Misconfiguration,CORS Misconfiguration,Error,"from flask import Flask, request, jsonify
app = Flask(__name__)

@app.after_request
def add_cors(response):
    origin = request.headers.get('Origin')
    response.headers['Access-Control-Allow-Origin'] = origin
    response.headers['Access-Control-Allow-Credentials'] = 'true'
    return response

@app.route('/api/user')
def get_user():
    return jsonify(get_current_user())"
119,Security Misconfiguration,Insecure HTTP Headers,Good,"from flask import Flask

app = Flask(__name__)

@app.after_request
def apply_security_headers(response):
    response.headers['X-Frame-Options'] = 'DENY'
    response.headers['X-Content-Type-Options'] = 'nosniff'
    response.headers['Content-Security-Policy'] = ""default-src 'self'""
    return response

@app.route('/')
def home():
    return ""Welcome to the home page!""

if __name__ == '__main__':
    app.run(host='0.0.0.0', port=5000)"
120,Security Misconfiguration,Cross-Site Scripting (XSS),Error,"from django.http import HttpResponse

def search_results(request):
    query = request.GET.get('q', '')
    return HttpResponse(f""<html><body>Results for: {{query}}</body></html>"")"
121,Unsafe Consumption of APIs,Command Injection,Error,"from flask import Flask, request
import subprocess
app = Flask(__name__)

@app.route('/convert')
def convert():
    filename = request.args.get('file')
    subprocess.run(f'convert {{filename}} output.png', shell=True)
    return ""Converted"""
122,Broken Authentication,Secure JWT Implementation,Good,"import jwt
import os
from flask import Flask, request, jsonify
from datetime import datetime, timedelta
app = Flask(__name__)

SECRET = os.environ.get('JWT_SECRET')

@app.route('/login', methods=['POST'])
def login():
    user = authenticate(request.json)
    if user:
        payload = {{
            ""user_id"": user.id,
            ""exp"": datetime.utcnow() + timedelta(hours=1),
            ""iat"": datetime.utcnow()
        }}
        token = jwt.encode(payload, SECRET, algorithm=""HS256"")
        return jsonify({{""token"": token}})
    return jsonify({{""error"": ""Invalid credentials""}}), 401"
123,Broken Authentication,Signature Verification Disabled,Error,"import jwt
from flask import Flask, request
app = Flask(__name__)

@app.route('/data')
def get_data():
    token = request.args.get('token')
    data = jwt.decode(token, options={{""verify_signature"": False}})
    return {{""user"": data.get('user')}}"
124,Unsafe Consumption of APIs,SQL Injection,Error,"from django.http import JsonResponse
import psycopg2

def get_user(request):
    user_id = request.GET.get('id')
    conn = psycopg2.connect(""dbname=app user=admin"")
    cursor = conn.cursor()
    cursor.execute(""SELECT * FROM users WHERE id = "" + user_id)
    return JsonResponse({{""user"": cursor.fetchone()}})"
125,Server Side Request Forgery,SSRF with Redirects,Error,"from flask import Flask, request, jsonify
import urllib.request
app = Flask(__name__)

@app.route('/proxy', methods=['GET'])
def proxy():
    url = request.args.get('url')
    with urllib.request.urlopen(url) as response:
        return response.read()

if __name__ == '__main__':
    app.run()"
126,Broken Object Level Authorizatio,Lack of Ownership Verification,Error,"from flask import Flask, request, jsonify

app = Flask(__name__)

# Mock user data
users = {
    1: {""name"": ""Alice"", ""email"": ""alice@example.com""},
    2: {""name"": ""Bob"", ""email"": ""bob@example.com""}
}

@app.route('/user/<int:user_id>', methods=['PUT'])
def update_user(user_id):
    if user_id in users:
        user_data = request.json
        users[user_id].update(user_data)
        return jsonify({""success"": ""User updated successfully""})
    else:
        return jsonify({""error"": ""User not found""}), 404

if __name__ == '__main__':
    app.run(debug=True)"
127,Server Side Request Forgery,URL Validation and Allowlist,Good,"from flask import Flask, request, jsonify
import requests
from urllib.parse import urlparse
app = Flask(__name__)

ALLOWED_HOSTS = ['api.trusted.com', 'cdn.example.com']

def is_safe_url(url):
    try:
        parsed = urlparse(url)
        if parsed.scheme not in ['http', 'https']:
            return False
        if parsed.hostname not in ALLOWED_HOSTS:
            return False
        if parsed.port and parsed.port not in [80, 443]:
            return False
        return True
    except:
        return False

@app.route('/fetch', methods=['POST'])
def fetch_url():
    url = request.json.get('url')
    
    if not is_safe_url(url):
        return jsonify({{""error"": ""URL not allowed""}}), 400
    
    response = requests.get(url, allow_redirects=False, timeout=5)
    return jsonify({{""content"": response.text}})

if __name__ == '__main__':
    app.run()"
128,Broken Object Level Authorization,Proper Authorization Check,Good,"from flask import Flask, request, jsonify
from functools import wraps
app = Flask(__name__)

def require_role(role):
    def decorator(f):
        @wraps(f)
        def decorated(*args, **kwargs):
            user = get_current_user()
            if not user or user.get('role') != role:
                return jsonify({{""error"": ""Forbidden""}}), 403
            return f(*args, **kwargs)
        return decorated
    return decorator

@app.route('/admin/users', methods=['GET'])
@require_role('admin')
def list_all_users():
    return jsonify(users)

if __name__ == '__main__':
    app.run()"
129,Broken Object Property Level Authorization,Unvalidated Property Update,Error,"from flask import Flask, request, jsonify
app = Flask(__name__)

products = {{1: {{""name"": ""Item"", ""price"": 100, ""discount"": 0}}}}

@app.route('/product/<int:id>', methods=['PATCH'])
def update_product(id):
    for key, value in request.json.items():
        products[id][key] = value
    return jsonify(products[id])

if __name__ == '__main__':
    app.run()"
130,Security Misconfiguration,Debug Mode Enabled in Production,Error,"from flask import Flask

app = Flask(__name__)
app.config['DEBUG'] = True  # Debug mode should not be enabled in production

@app.route('/')
def home():
    return ""Welcome to the home page!""

if __name__ == '__main__':
    app.run(host='0.0.0.0', port=5000)"
131,Unsafe Consumption of APIs,Validated External API Usage,Good,"from flask import Flask, jsonify
import requests
from marshmallow import Schema, fields, ValidationError
app = Flask(__name__)

class UserSchema(Schema):
    username = fields.Str(required=True, validate=lambda x: len(x) <= 50)
    email = fields.Email(required=True)
    
user_schema = UserSchema()

@app.route('/user-info/<username>')
def get_external_user(username):
    try:
        response = requests.get(
            f'https://external-api.com/users/{{username}}',
            timeout=5,
            verify=True
        )
        response.raise_for_status()
        
        user_data = user_schema.load(response.json())
        database.save_user_safe(user_data)
        return jsonify(user_data)
    except ValidationError as e:
        return jsonify({{""error"": ""Invalid data from external API""}}), 400
    except requests.RequestException as e:
        return jsonify({{""error"": ""External API error""}}), 502

if __name__ == '__main__':
    app.run()"
132,Unrestricted Access to Sensitive Business Flows,Sensitive Financial Operations Accessible Without Authentication,Good,"from flask import Flask, request, jsonify, abort

app = Flask(__name__)

# Simulated token for authentication
AUTH_TOKEN = 'your_secret_token_here'

def authenticate():
    token = request.headers.get('Authorization')
    if token != f'Bearer {AUTH_TOKEN}':
        abort(403)  # Forbidden

@app.route('/transfer', methods=['POST'])
def transfer():
    authenticate()
    
    data = request.json
    from_account = data.get('from_account')
    to_account = data.get('to_account')
    amount = data.get('amount')

    # Basic validation
    if not from_account or not to_account or not amount:
        return jsonify({
            'status': 'error',
            'message': 'Missing required fields'
        }), 400
    
    try:
        amount = float(amount)  # Ensure amount is a number
    except ValueError:
        return jsonify({
            'status': 'error',
            'message': 'Invalid amount'
        }), 400

    # Simulate a transfer operation
    return jsonify({
        'status': 'success',
        'message': f'Transferred {amount} from {from_account} to {to_account}'
    }), 200

if __name__ == '__main__':
    app.run(debug=True)"
133,Security Misconfiguration,Secure CORS Configuration,Good,"from fastapi import FastAPI
from fastapi.middleware.cors import CORSMiddleware
app = FastAPI()

app.add_middleware(
    CORSMiddleware,
    allow_origins=[""https://frontend.example.com""],
    allow_credentials=True,
    allow_methods=[""GET"", ""POST""],
    allow_headers=[""Authorization"", ""Content-Type""],
)

@app.get(""/api/data"")
def get_data():
    return {{""data"": ""information""}}"
134,Broken Object Level Authorization,Path Traversal,Error,"from flask import Flask, request
import os
app = Flask(__name__)

@app.route('/read')
def read_file():
    path = request.args.get('path')
    with open(path, 'r') as f:
        return f.read()"
135,Broken Authentication,Insecure Session Management,Good,"from flask import Flask, request, jsonify, session

app = Flask(__name__)
app.secret_key = 'supersecretkey'  

# User data for demonstration purposes
users = {
    'user1': 'password1',
    'user2': 'password2'
}

@app.route('/login', methods=['POST'])
def login():
    data = request.get_json()
    username = data.get('username')
    password = data.get('password')

    if username in users and users[username] == password:
        session['user'] = username
        return jsonify({""message"": ""Login successful!""}), 200
    else:
        return jsonify({""message"": ""Invalid credentials""}), 401

@app.route('/logout', methods=['POST'])
def logout():
    session.pop('user', None)
    return jsonify({""message"": ""Logout successful!""}), 200

if __name__ == '__main__':
    app.run(debug=True)"
136,Broken Object Level Authorization,Path Traversal,Error,"from django.http import HttpResponse
import os

def serve_file(request, filename):
    base_dir = '/var/www/files/'
    filepath = base_dir + filename
    with open(filepath, 'rb') as f:
        return HttpResponse(f.read())"
137,Server Side Request Forgery,SSRF with Redirects,Error,"from flask import Flask, request, jsonify
import urllib.request
app = Flask(__name__)

@app.route('/proxy', methods=['GET'])
def proxy():
    url = request.args.get('url')
    with urllib.request.urlopen(url) as response:
        return response.read()

if __name__ == '__main__':
    app.run()"
138,Unrestricted Access to Sensitive Business Flows,Protected Business Flow,Good,"from flask import Flask, request, jsonify
from functools import wraps
app = Flask(__name__)

def require_auth(f):
    @wraps(f)
    def decorated(*args, **kwargs):
        user = authenticate_request(request)
        if not user:
            return jsonify({{""error"": ""Unauthorized""}}), 401
        return f(*args, **kwargs)
    return decorated

def require_2fa(f):
    @wraps(f)
    def decorated(*args, **kwargs):
        otp = request.headers.get('X-OTP')
        if not verify_otp(get_current_user(), otp):
            return jsonify({{""error"": ""2FA required""}}), 403
        return f(*args, **kwargs)
    return decorated

@app.route('/transfer', methods=['POST'])
@require_auth
@require_2fa
def transfer_money():
    user = get_current_user()
    from_account = request.json['from']
    
    if not user_owns_account(user, from_account):
        return jsonify({{""error"": ""Forbidden""}}), 403
    
    amount = request.json['amount']
    if amount > get_daily_limit(user):
        return jsonify({{""error"": ""Exceeds daily limit""}}), 400
    
    execute_transfer(from_account, request.json['to'], amount)
    log_transaction(user, from_account, request.json['to'], amount)
    return jsonify({{""success"": True}})

if __name__ == '__main__':
    app.run()"
139,Security Misconfiguration,Proper Output Encoding,Good,"from flask import Flask, request, render_template
app = Flask(__name__)

@app.route('/profile')
def profile():
    bio = request.args.get('bio', '')
    return render_template('profile.html', bio=bio)"
140,Broken Authentication,Weak Secret Key,Error,"import jwt
from flask import Flask, request, jsonify
app = Flask(__name__)

SECRET = ""secret""

@app.route('/login', methods=['POST'])
def login():
    user = request.json
    token = jwt.encode({{""user"": user}}, SECRET, algorithm=""HS256"")
    return jsonify({{""token"": token}})"
141,Unrestricted Access to Sensitive Business Flows,Sensitive Financial Operations Accessible Without Authentication,Error,"from flask import Flask, request, jsonify

app = Flask(__name__)

@app.route('/transfer', methods=['POST'])
def transfer():
    from_account = request.json.get('from_account')
    to_account = request.json.get('to_account')
    amount = request.json.get('amount')

    # Simulate a transfer operation
    return jsonify({
        'status': 'success',
        'message': f'Transferred {amount} from {from_account} to {to_account}'
    }), 200

if __name__ == '__main__':
    app.run(debug=True)"
142,Security Misconfiguration,Verbose Error Messages,Error,"from flask import Flask, jsonify
app = Flask(__name__)

@app.route('/user/<int:id>')
def get_user(id):
    try:
        user = database.get_user(id)
        return jsonify(user)
    except Exception as e:
        return jsonify({{""error"": str(e), ""traceback"": traceback.format_exc()}}), 500

if __name__ == '__main__':
    app.run()"
143,Unsafe Consumption of APIs,SQL Injection,Error,"from fastapi import FastAPI, Query
import sqlite3
app = FastAPI()

@app.get(""/users"")
def get_users(name: str = Query(...)):
    conn = sqlite3.connect(""data.db"")
    cursor = conn.cursor()
    cursor.execute(""SELECT * FROM users WHERE name LIKE '%"" + name + ""%'"")
    return {{""users"": cursor.fetchall()}}"
144,Broken Authentication,Missing Rate Limiting,Error,"from flask import Flask, request, jsonify
app = Flask(__name__)

users = {{""admin"": ""secret123"", ""user"": ""pass456""}}

@app.route('/login', methods=['POST'])
def login():
    username = request.json.get('username')
    password = request.json.get('password')
    
    if users.get(username) == password:
        return jsonify({{""success"": True, ""token"": generate_token()}})
    return jsonify({{""error"": ""Invalid""}})

if __name__ == '__main__':
    app.run()"
145,Broken Authentication,Token Exposure in URL,Error,"from flask import Flask, request, jsonify
app = Flask(__name__)

@app.route('/api/data')
def get_data():
    token = request.args.get('token')
    if validate_token(token):
        return jsonify({{""data"": ""sensitive info""}})
    return jsonify({{""error"": ""Invalid token""}}), 401

if __name__ == '__main__':
    app.run()"
146,Security Misconfiguration,Logging Sensitive Data,Error,"from flask import Flask, request
import logging
app = Flask(__name__)

@app.route('/api/users', methods=['POST'])
def create_user():
    user_data = request.json
    logging.info(f""Creating user: {{user_data}}"")
    return create_user_in_db(user_data)"
147,Broken Object Property Level Authorization,Proper Field Filtering,Good,"from flask import Flask, request, jsonify
app = Flask(__name__)

ALLOWED_UPDATE_FIELDS = ['name', 'email']

users = {{1: {{""name"": ""Alice"", ""email"": ""alice@test.com"", ""role"": ""user""}}}}

@app.route('/user/<int:user_id>', methods=['PUT'])
def update_user(user_id):
    if user_id not in users:
        return jsonify({{""error"": ""Not found""}}), 404
    
    update_data = {{k: v for k, v in request.json.items() if k in ALLOWED_UPDATE_FIELDS}}
    users[user_id].update(update_data)
    return jsonify({{""success"": True}})

if __name__ == '__main__':
    app.run()"
148,Unsafe Consumption of APIs,SQL Injection,Error,"from django.http import JsonResponse
import psycopg2

def get_user(request):
    user_id = request.GET.get('id')
    conn = psycopg2.connect(""dbname=app user=admin"")
    cursor = conn.cursor()
    cursor.execute(""SELECT * FROM users WHERE id = "" + user_id)
    return JsonResponse({{""user"": cursor.fetchone()}})"
149,Security Misconfiguration,Safe Logging Practice,Good,"from flask import Flask, request
import logging
app = Flask(__name__)

SENSITIVE_FIELDS = ['password', 'ssn', 'card', 'cvv', 'token']

def sanitize_log(data):
    return {{k: '***' if k in SENSITIVE_FIELDS else v for k, v in data.items()}}

@app.route('/api/users', methods=['POST'])
def create_user():
    user_data = request.json
    logging.info(f""Creating user: {{sanitize_log(user_data)}}"")
    return create_user_in_db(user_data)"
150,Broken Object Level Authorization,Unfiltered Resource Access,Error,"from flask import Flask, request, jsonify
app = Flask(__name__)

users = {1: {""name"": ""Alice"", ""email"": ""alice@example.com"", ""balance"": 5000},
              2: {""name"": ""Bob"", ""email"": ""bob@example.com"", ""balance"": 3000}}

@app.route('/api/account/<int:user_id>', methods=['GET'])
def get_account(user_id):
    account = users.get(user_id)
    if account:
        return jsonify(account)
    return jsonify({""error"": ""Not found""}), 404

if __name__ == '__main__':
    app.run(debug=True)"
151,Unrestricted Access to Sensitive Business Flows,Unprotected Financial Operation,Error,"from flask import Flask, request, jsonify
app = Flask(__name__)

@app.route('/transfer', methods=['POST'])
def transfer_money():
    from_account = request.json['from']
    to_account = request.json['to']
    amount = request.json['amount']
    
    execute_transfer(from_account, to_account, amount)
    return jsonify({{""success"": True}})

if __name__ == '__main__':
    app.run()"
152,Unsafe Consumption of APIs,Safe Command Execution,Good,"from flask import Flask, request, abort
import subprocess
import ipaddress
app = Flask(__name__)

@app.route('/lookup')
def lookup():
    domain = request.args.get('domain')
    try:
        ipaddress.ip_address(domain)
    except ValueError:
        if not domain.replace('.', '').replace('-', '').isalnum():
            abort(400)
    result = subprocess.run(['nslookup', domain], capture_output=True, text=True)
    return result.stdout"
153,Unsafe Consumption of APIs,Command Injection,Error,"from flask import Flask, request
import subprocess
app = Flask(__name__)

@app.route('/convert')
def convert():
    filename = request.args.get('file')
    subprocess.run(f'convert {{filename}} output.png', shell=True)
    return ""Converted"""
154,Security Misconfiguration,Safe Logging Practice,Good,"from flask import Flask, request
import logging
app = Flask(__name__)

def mask_card(card):
    return f""****{{card[-4:]}}""

@app.route('/payment', methods=['POST'])
def payment():
    card_number = request.json['card']
    cvv = request.json['cvv']
    logging.info(f""Processing payment for card: {{mask_card(card_number)}}"")
    return process_payment(card_number, cvv)"
155,Security Misconfiguration,Secure CORS Configuration,Good,"from fastapi import FastAPI
from fastapi.middleware.cors import CORSMiddleware
app = FastAPI()

app.add_middleware(
    CORSMiddleware,
    allow_origins=[""https://frontend.example.com""],
    allow_credentials=True,
    allow_methods=[""GET"", ""POST""],
    allow_headers=[""Authorization"", ""Content-Type""],
)

@app.get(""/api/data"")
def get_data():
    return {{""data"": ""information""}}"
156,Broken Object Level Authorization,Safe Path Handling,Good,"from fastapi import FastAPI, HTTPException
from fastapi.responses import FileResponse
import os
app = FastAPI()

STORAGE_DIR = ""storage""

@app.get(""/files/{{filename}}"")
def get_file(filename: str):
    safe_filename = os.path.basename(filename)
    filepath = os.path.join(STORAGE_DIR, safe_filename)
    
    if not os.path.exists(filepath):
        raise HTTPException(status_code=404)
    if not os.path.abspath(filepath).startswith(os.path.abspath(STORAGE_DIR)):
        raise HTTPException(status_code=403)
    
    return FileResponse(filepath)"
157,Unrestricted Resource Consumption,Unrestricted Database Queries,Error,"from flask import Flask, request
from flask_sqlalchemy import SQLAlchemy

app = Flask(__name__)
app.config['SQLALCHEMY_DATABASE_URI'] = 'sqlite:///example.db'
db = SQLAlchemy(app)

class User(db.Model):
    id = db.Column(db.Integer, primary_key=True)
    name = db.Column(db.String(80), nullable=False)

@app.route('/users')
def get_users():
    limit = int(request.args.get('limit', '100'))  # default to 100 if not provided
    users = User.query.limit(limit).all()
    return {""users"": [user.name for user in users]}

if __name__ == '__main__':
    app.run(debug=True)"
158,Unsafe Consumption of APIs,Validated External API Usage,Good,"from flask import Flask, jsonify
import requests
import os
app = Flask(__name__)

EXTERNAL_API_KEY = os.environ.get('EXTERNAL_API_KEY')
TRUSTED_HOSTS = ['api.trusted-partner.com']

@app.route('/external-data')
def get_external():
    try:
        response = requests.get(
            'https://api.trusted-partner.com/data',
            headers={{'Authorization': f'Bearer {{EXTERNAL_API_KEY}}'}},
            timeout=10,
            verify=True
        )
        response.raise_for_status()
        
        data = response.json()
        validated_data = validate_and_sanitize(data)
        return jsonify(validated_data)
    except Exception as e:
        logging.error(f""External API error: {{e}}"")
        return jsonify({{""error"": ""Service unavailable""}}), 503

if __name__ == '__main__':
    app.run()"
159,Security Misconfiguration,Secure CORS Configuration,Good,"from flask import Flask, request, jsonify, abort
app = Flask(__name__)

ALLOWED_ORIGINS = ['https://app.example.com', 'https://admin.example.com']

@app.after_request
def add_cors(response):
    origin = request.headers.get('Origin')
    if origin in ALLOWED_ORIGINS:
        response.headers['Access-Control-Allow-Origin'] = origin
        response.headers['Access-Control-Allow-Credentials'] = 'true'
    return response

@app.route('/api/user')
def get_user():
    return jsonify(get_current_user())"
160,Security Misconfiguration,Logging Sensitive Data,Error,"from flask import Flask, request
import logging
app = Flask(__name__)

logging.basicConfig(level=logging.DEBUG)

@app.route('/login', methods=['POST'])
def login():
    username = request.json['username']
    password = request.json['password']
    logging.info(f""Login attempt: {{username}}/{{password}}"")
    return authenticate(username, password)"
161,Broken Object Level Authorization,Direct Object Reference Without Auth,Error,"from flask import Flask, request, jsonify
app = Flask(__name__)

database = {1: {""owner"": 1, ""content"": ""Private data""},
              2: {""owner"": 2, ""content"": ""Secret info""}}

@app.route('/api/user/<int:id>', methods=['PUT'])
def update_account(id):
    if id in database:
        database[id].update(request.json)
        return jsonify({""success"": ""Updated""})
    return jsonify({""error"": ""Not found""}), 404

if __name__ == '__main__':
    app.run(debug=True)"
162,Security Misconfiguration,Logging Sensitive Data,Error,"from flask import Flask, request
import logging
app = Flask(__name__)

@app.route('/api/users', methods=['POST'])
def create_user():
    user_data = request.json
    logging.info(f""Creating user: {{user_data}}"")
    return create_user_in_db(user_data)"
163,Unsafe Consumption of APIs,Command Injection,Error,"from flask import Flask, request
import subprocess
app = Flask(__name__)

@app.route('/convert')
def convert():
    filename = request.args.get('file')
    subprocess.run(f'convert {{filename}} output.png', shell=True)
    return ""Converted"""
164,Unsafe Consumption of APIs,SQL Injection,Error,"from fastapi import FastAPI, Query
import sqlite3
app = FastAPI()

@app.get(""/users"")
def get_users(name: str = Query(...)):
    conn = sqlite3.connect(""data.db"")
    cursor = conn.cursor()
    cursor.execute(""SELECT * FROM users WHERE name LIKE '%"" + name + ""%'"")
    return {{""users"": cursor.fetchall()}}"
165,Broken Object Level Authorization,Safe Path Handling,Good,"from flask import Flask, request, abort
from werkzeug.utils import secure_filename
import os
app = Flask(__name__)

ALLOWED_DIR = '/safe/files'

@app.route('/read')
def read_file():
    filename = secure_filename(request.args.get('path', ''))
    if not filename:
        abort(400)
    safe_path = os.path.join(ALLOWED_DIR, filename)
    if os.path.exists(safe_path):
        with open(safe_path, 'r') as f:
            return f.read()
    abort(404)"
166,Unrestricted Resource Consumption,Proper Resource Limits,Good,"from flask import Flask, request, jsonify
import os
app = Flask(__name__)

ALLOWED_EXTENSIONS = {{'png', 'jpg', 'jpeg', 'gif'}}
MAX_FILE_SIZE = 5 * 1024 * 1024  # 5MB

def allowed_file(filename):
    return '.' in filename and filename.rsplit('.', 1)[1].lower() in ALLOWED_EXTENSIONS

@app.route('/upload', methods=['POST'])
def upload():
    file = request.files.get('file')
    if not file:
        return jsonify({{""error"": ""No file""}}), 400
    
    if not allowed_file(file.filename):
        return jsonify({{""error"": ""Invalid file type""}}), 400
    
    file.seek(0, os.SEEK_END)
    if file.tell() > MAX_FILE_SIZE:
        return jsonify({{""error"": ""File too large""}}), 400
    file.seek(0)
    
    secure_filename = werkzeug.utils.secure_filename(file.filename)
    file.save(os.path.join('/uploads', secure_filename))
    return jsonify({{""success"": True}})

if __name__ == '__main__':
    app.run()"
167,Unsafe Consumption of APIs,SQL Injection,Error,"from flask import Flask, request, jsonify
import sqlite3
app = Flask(__name__)

@app.route('/search')
def search():
    query = request.args.get('q')
    conn = sqlite3.connect('data.db')
    cursor = conn.cursor()
    cursor.execute(f""SELECT * FROM users WHERE name = '{{query}}'"")
    return jsonify(cursor.fetchall())"
168,Broken Function Level Authorization,Missing Role Check,Error,"from flask import Flask, request, jsonify
app = Flask(__name__)

@app.route('/api/settings', methods=['PUT'])
def update_settings():
    settings = request.json
    database.update_settings(settings)
    return jsonify({{""success"": True}})

if __name__ == '__main__':
    app.run()"
169,Broken Object Level Authorization,Path Traversal,Error,"from fastapi import FastAPI
from fastapi.responses import FileResponse
app = FastAPI()

@app.get(""/files/{{filename}}"")
def get_file(filename: str):
    return FileResponse(f""storage/{{filename}}"")"
170,Unrestricted Resource Consumption,Unrestricted Loop,Error,"from flask import Flask, request, jsonify
app = Flask(__name__)

@app.route('/process', methods=['POST'])
def process():
    count = int(request.json.get('count', 0))
    result = []
    for i in range(count):
        result.append(expensive_operation(i))
    return jsonify(result)

if __name__ == '__main__':
    app.run()"
171,Security Misconfiguration,Proper Output Encoding,Good,"from flask import Flask, request, escape
app = Flask(__name__)

@app.route('/greet')
def greet():
    name = escape(request.args.get('name', 'Guest'))
    return f""<html><body><h1>Hello {{name}}!</h1></body></html>"""
172,Broken Object Property Level Authorization,Improper Use of Object References,Good,"from flask import Flask, request, jsonify
app = Flask(__name__)

# Dummy data (normally would come from a database)
users = [
    {'id': 1, 'username': 'alice', 'role': 'admin'},
    {'id': 2, 'username': 'bob', 'role': 'user'}
]

# Mock authentication function to simulate a logged-in user
# In a real application, this should come from a session or token
def get_logged_in_user():
    # Simulate a logged-in user with role 'user' (could be 'admin' for different access)
    return {'id': 2, 'username': 'bob', 'role': 'user'}

@app.route('/api/users/<int:user_id>', methods=['GET'])
def get_user(user_id):
    user = next((user for user in users if user['id'] == user_id), None)

    if not user:
        return jsonify({'error': 'User not found'}), 404

    logged_in_user = get_logged_in_user()

    # Example of role-based access control
    if logged_in_user['role'] != 'admin' and logged_in_user['id'] != user_id:
        return jsonify({'error': 'Unauthorized access'}), 403

    return jsonify({'username': user['username']}), 200

if __name__ == '__main__':
    app.run(debug=True)"
173,Unsafe Consumption of APIs,Insecure Deserialization,Error,"from flask import Flask, request
import pickle
app = Flask(__name__)

@app.route('/load', methods=['POST'])
def load():
    data = request.data
    obj = pickle.loads(data)
    return str(obj)"
174,Security Misconfiguration,Safe Logging Practice,Good,"from flask import Flask, request
import logging
app = Flask(__name__)

def mask_card(card):
    return f""****{{card[-4:]}}""

@app.route('/payment', methods=['POST'])
def payment():
    card_number = request.json['card']
    cvv = request.json['cvv']
    logging.info(f""Processing payment for card: {{mask_card(card_number)}}"")
    return process_payment(card_number, cvv)"
175,Broken Function Level Authorization,No Authorization Check,Error,"from flask import Flask, request, jsonify, session

app = Flask(__name__)
app.secret_key = 'supersecretkey'

# Simulating a user database
users = {
    'user1': {'username': 'user1', 'password': 'password1', 'role': 'user'},
    'admin': {'username': 'admin', 'password': 'adminpass', 'role': 'admin'}
}

# Simulated login route
@app.route('/login', methods=['POST'])
def login():
    username = request.json.get('username')
    password = request.json.get('password')
    user = users.get(username)
    if user and user['password'] == password:
        session['username'] = username
        return jsonify({'message': 'Logged in successfully!'})
    return jsonify({'message': 'Invalid credentials!'}), 401

@app.route('/admin/delete_user', methods=['POST'])
def delete_user():
    if 'username' not in session:
        return jsonify({'message': 'Unauthorized!'}), 401

    user_to_delete = request.json.get('username')
    if user_to_delete in users:
        del users[user_to_delete]
        return jsonify({'message': f'User {user_to_delete} deleted successfully!'})
    return jsonify({'message': 'User not found!'}), 404

if __name__ == '__main__':
    app.run(debug=True)"
176,Unsafe Consumption of APIs,Safe Command Execution,Good,"from flask import Flask, request, abort
import subprocess
import re
app = Flask(__name__)

@app.route('/ping')
def ping():
    host = request.args.get('host')
    if not re.match(r'^[a-zA-Z0-9.-]+$', host):
        abort(400, ""Invalid hostname"")
    result = subprocess.run(['ping', '-c', '1', host], capture_output=True, text=True)
    return result.stdout"
177,Unsafe Consumption of APIs,Lack of Input Validation,Good,"from flask import Flask, request, jsonify, abort
import requests
import re

app = Flask(__name__)

@app.route('/impl_api', methods=['POST'])
def impl_api():
    user_input = request.json.get('user_input')

    # Validate input
    if not user_input:
        abort(400, description=""user_input is required"")
    
    # Example validation: Ensure user_input is a valid alphanumeric string
    if not isinstance(user_input, str) or not re.match(r'^[a-zA-Z0-9_-]+$', user_input):
        abort(400, description=""Invalid user_input format"")

    # Sanitize input
    sanitized_input = re.sub(r'[^a-zA-Z0-9_-]', '', user_input)

    # Use parameterized URL construction to avoid injection issues
    url = f'https://external.api.com/data/{sanitized_input}'
    response = requests.get(url)

    # Handle response errors
    if response.status_code != 200:
        abort(response.status_code, description=""External API request failed"")

    return jsonify(response.json()), 200"
178,Broken Object Level Authorization,Path Traversal,Error,"from flask import Flask, request, send_file
app = Flask(__name__)

@app.route('/download')
def download():
    filename = request.args.get('file')
    return send_file(f'/uploads/{{filename}}')"
179,Unsafe Consumption of APIs,Safe Deserialization,Good,"from flask import Flask, request
import yaml
app = Flask(__name__)

@app.route('/config', methods=['POST'])
def config():
    content = request.data.decode('utf-8')
    config = yaml.safe_load(content)
    return str(config)"
180,Improper Inventory Management,Insecure Direct Object Reference (IDOR),Error,"from flask import Flask, request, jsonify

app = Flask(__name__)

inventory = {
    'item1': 100,
    'item2': 50,
    'item3': 75
}

@app.route('/get_inventory/<item_name>', methods=['GET'])
def get_inventory(item_name):
    if item_name in inventory:
        return jsonify({'item_name': item_name, 'quantity': inventory[item_name]}), 200
    else:
        return jsonify({'error': 'Item not found in inventory'}), 404

if __name__ == '__main__':
    app.run(debug=True)"
181,Security Misconfiguration,CORS Misconfiguration,Error,"from flask import Flask, request, jsonify
app = Flask(__name__)

@app.after_request
def add_cors(response):
    origin = request.headers.get('Origin')
    response.headers['Access-Control-Allow-Origin'] = origin
    response.headers['Access-Control-Allow-Credentials'] = 'true'
    return response

@app.route('/api/user')
def get_user():
    return jsonify(get_current_user())"
182,Unrestricted Resource Consumption,Proper Resource Limits,Good,"from flask import Flask, request, jsonify
app = Flask(__name__)

MAX_LIMIT = 100
DEFAULT_LIMIT = 20

@app.route('/items', methods=['GET'])
def get_items():
    page = max(1, int(request.args.get('page', 1)))
    limit = min(MAX_LIMIT, int(request.args.get('limit', DEFAULT_LIMIT)))
    offset = (page - 1) * limit
    
    items = database.query(f""SELECT * FROM items LIMIT {{limit}} OFFSET {{offset}}"")
    total = database.count(""items"")
    
    return jsonify({{
        ""items"": items,
        ""page"": page,
        ""limit"": limit,
        ""total"": total
    }})

if __name__ == '__main__':
    app.run()"
183,Broken Object Level Authorization,Path Traversal,Error,"from flask import Flask, request, send_file
app = Flask(__name__)

@app.route('/download')
def download():
    filename = request.args.get('file')
    return send_file(f'/uploads/{{filename}}')"
184,Unrestricted Access to Sensitive Business Flows,Administrative Operations Accessible to Regular Users,Error,"from flask import Flask, request, jsonify

app = Flask(__name__)

@app.route('/delete-user', methods=['POST'])
def delete_user():
    user_id = request.json.get('user_id')

    # Simulate deleting a user
    return jsonify({
        'status': 'success',
        'message': f'User with ID {user_id} deleted'
    }), 200

if __name__ == '__main__':
    app.run(debug=True)"
185,Unsafe Consumption of APIs,Safe Deserialization,Good,"from flask import Flask, request, jsonify
import json
app = Flask(__name__)

@app.route('/load', methods=['POST'])
def load():
    try:
        data = json.loads(request.data)
        validated = validate_schema(data)
        return jsonify(validated)
    except json.JSONDecodeError:
        return jsonify({{""error"": ""Invalid JSON""}}), 400"
186,Security Misconfiguration,Cross-Site Scripting (XSS),Error,"from flask import Flask, request, render_template_string
app = Flask(__name__)

@app.route('/profile')
def profile():
    bio = request.args.get('bio', '')
    template = f""<div class='bio'>{{bio}}</div>""
    return render_template_string(template)"
187,Broken Authentication,Weak Secret Key,Error,"import jwt
from flask import Flask, request, jsonify
app = Flask(__name__)

SECRET = ""secret""

@app.route('/login', methods=['POST'])
def login():
    user = request.json
    token = jwt.encode({{""user"": user}}, SECRET, algorithm=""HS256"")
    return jsonify({{""token"": token}})"
188,Broken Object Level Authorization,Path Traversal,Error,"from flask import Flask, request, send_file
app = Flask(__name__)

@app.route('/download')
def download():
    filename = request.args.get('file')
    return send_file(f'/uploads/{{filename}}')"
189,Security Misconfiguration,Default Secret Key,Error,"from flask import Flask, session
app = Flask(__name__)
app.secret_key = 'secret'

@app.route('/login')
def login():
    session['user'] = 'admin'
    return ""Logged in""

if __name__ == '__main__':
    app.run()"
190,Security Misconfiguration,Secure Configuration,Good,"from flask import Flask, jsonify
import os
import logging
app = Flask(__name__)

app.config['SECRET_KEY'] = os.environ.get('SECRET_KEY')
logging.basicConfig(level=logging.ERROR)

@app.errorhandler(Exception)
def handle_error(e):
    logging.error(f""Error: {{e}}"")
    return jsonify({{""error"": ""An error occurred""}}), 500

@app.route('/user/<int:id>')
def get_user(id):
    user = database.get_user(id)
    return jsonify(user)

if __name__ == '__main__':
    app.run()"
191,Improper Inventory Management,Exposed Internal Endpoints,Error,"from flask import Flask, jsonify
app = Flask(__name__)

@app.route('/api/v1/internal/users')
def internal_users():
    return jsonify(database.get_all_internal_users())

@app.route('/api/v2/users')
def v2_users():
    return jsonify(database.get_users())

@app.route('/api/beta/experimental')
def beta_endpoint():
    return jsonify({{""data"": ""experimental feature""}})

if __name__ == '__main__':
    app.run()"
192,Broken Object Level Authorization,Safe Path Handling,Good,"from fastapi import FastAPI, HTTPException
from fastapi.responses import FileResponse
import os
app = FastAPI()

STORAGE_DIR = ""storage""

@app.get(""/files/{{filename}}"")
def get_file(filename: str):
    safe_filename = os.path.basename(filename)
    filepath = os.path.join(STORAGE_DIR, safe_filename)
    
    if not os.path.exists(filepath):
        raise HTTPException(status_code=404)
    if not os.path.abspath(filepath).startswith(os.path.abspath(STORAGE_DIR)):
        raise HTTPException(status_code=403)
    
    return FileResponse(filepath)"
193,Unsafe Consumption of APIs,SQL Injection,Error,"from flask import Flask, request
import pymysql
app = Flask(__name__)

@app.route('/delete/<table>')
def delete_record(table):
    id = request.args.get('id')
    conn = pymysql.connect(host='localhost', user='root', password='', db='app')
    cursor = conn.cursor()
    cursor.execute(f""DELETE FROM {{table}} WHERE id = {{id}}"")
    conn.commit()
    return ""Deleted"""
194,Unrestricted Access to Sensitive Business Flows,Protected Business Flow,Good,"from flask import Flask, request, jsonify
from functools import wraps
app = Flask(__name__)

def require_auth(f):
    @wraps(f)
    def decorated(*args, **kwargs):
        user = authenticate_request(request)
        if not user:
            return jsonify({{""error"": ""Unauthorized""}}), 401
        return f(*args, **kwargs)
    return decorated

def require_2fa(f):
    @wraps(f)
    def decorated(*args, **kwargs):
        otp = request.headers.get('X-OTP')
        if not verify_otp(get_current_user(), otp):
            return jsonify({{""error"": ""2FA required""}}), 403
        return f(*args, **kwargs)
    return decorated

@app.route('/transfer', methods=['POST'])
@require_auth
@require_2fa
def transfer_money():
    user = get_current_user()
    from_account = request.json['from']
    
    if not user_owns_account(user, from_account):
        return jsonify({{""error"": ""Forbidden""}}), 403
    
    amount = request.json['amount']
    if amount > get_daily_limit(user):
        return jsonify({{""error"": ""Exceeds daily limit""}}), 400
    
    execute_transfer(from_account, request.json['to'], amount)
    log_transaction(user, from_account, request.json['to'], amount)
    return jsonify({{""success"": True}})

if __name__ == '__main__':
    app.run()"
195,Broken Object Level Authorization,Lack of Ownership Verification,Error,"from flask import Flask, jsonify
app = Flask(__name__)

database = [
    {""id"": 1, ""user_id"": 1, ""data"": ""User 1 private""},
    {""id"": 2, ""user_id"": 2, ""data"": ""User 2 private""}
]

@app.route('/profile', methods=['GET'])
def list_profiles():
    return jsonify(database)

if __name__ == '__main__':
    app.run()"
196,Broken Object Level Authorization,Safe Path Handling,Good,"from fastapi import FastAPI, HTTPException
from fastapi.responses import FileResponse
import os
app = FastAPI()

STORAGE_DIR = ""storage""

@app.get(""/files/{{filename}}"")
def get_file(filename: str):
    safe_filename = os.path.basename(filename)
    filepath = os.path.join(STORAGE_DIR, safe_filename)
    
    if not os.path.exists(filepath):
        raise HTTPException(status_code=404)
    if not os.path.abspath(filepath).startswith(os.path.abspath(STORAGE_DIR)):
        raise HTTPException(status_code=403)
    
    return FileResponse(filepath)"
197,Unrestricted Access to Sensitive Business Flows,Unrestricted Data Export,Error,"from flask import Flask, request, send_file
app = Flask(__name__)

@app.route('/export', methods=['GET'])
def export_data():
    format = request.args.get('format', 'csv')
    data = database.export_all_data()
    return send_file(create_export(data, format))

if __name__ == '__main__':
    app.run()"
198,Unsafe Consumption of APIs,Parameterized Query,Good,"from django.http import JsonResponse
import psycopg2

def get_user(request):
    user_id = request.GET.get('id')
    conn = psycopg2.connect(""dbname=app user=admin"")
    cursor = conn.cursor()
    cursor.execute(""SELECT * FROM users WHERE id = %s"", (user_id,))
    return JsonResponse({{""user"": cursor.fetchone()}})"
199,Security Misconfiguration,Logging Sensitive Data,Error,"from flask import Flask, request
import logging
app = Flask(__name__)

logging.basicConfig(level=logging.DEBUG)

@app.route('/login', methods=['POST'])
def login():
    username = request.json['username']
    password = request.json['password']
    logging.info(f""Login attempt: {{username}}/{{password}}"")
    return authenticate(username, password)"
200,Broken Object Property Level Authorization,Mass Assignment,Error,"from flask import Flask, request, jsonify
app = Flask(__name__)

users = {{1: {{""name"": ""Alice"", ""email"": ""alice@test.com"", ""role"": ""user"", ""balance"": 100}}}}

@app.route('/user/<int:user_id>', methods=['PUT'])
def update_user(user_id):
    if user_id in users:
        users[user_id].update(request.json)
        return jsonify({{""success"": True}})
    return jsonify({{""error"": ""Not found""}}), 404

if __name__ == '__main__':
    app.run()"
201,Broken Authentication,Weak Password Policy,Error,"from flask import Flask, request, jsonify
app = Flask(__name__)

@app.route('/register', methods=['POST'])
def register():
    username = request.json.get('username')
    password = request.json.get('password')
    
    if len(password) >= 4:
        save_user(username, password)
        return jsonify({{""success"": True}})
    return jsonify({{""error"": ""Password too short""}})

if __name__ == '__main__':
    app.run()"
202,Unsafe Consumption of APIs,Parameterized Query,Good,"from flask import Flask, request
import mysql.connector
app = Flask(__name__)

@app.route('/login', methods=['POST'])
def login():
    username = request.form['username']
    password = request.form['password']
    conn = mysql.connector.connect(host='localhost', database='app')
    cursor = conn.cursor()
    cursor.execute(""SELECT * FROM users WHERE username=%s AND password=%s"", (username, password))
    return ""Success"" if cursor.fetchone() else ""Failed"""
203,Unsafe Consumption of APIs,SQL Injection,Error,"from flask import Flask, request, jsonify
import sqlite3
app = Flask(__name__)

@app.route('/search')
def search():
    query = request.args.get('q')
    conn = sqlite3.connect('data.db')
    cursor = conn.cursor()
    cursor.execute(f""SELECT * FROM users WHERE name = '{{query}}'"")
    return jsonify(cursor.fetchall())"
204,Unsafe Consumption of APIs,Validated External API Usage,Good,"from flask import Flask, jsonify
import requests
from marshmallow import Schema, fields, ValidationError
app = Flask(__name__)

class UserSchema(Schema):
    username = fields.Str(required=True, validate=lambda x: len(x) <= 50)
    email = fields.Email(required=True)
    
user_schema = UserSchema()

@app.route('/user-info/<username>')
def get_external_user(username):
    try:
        response = requests.get(
            f'https://external-api.com/users/{{username}}',
            timeout=5,
            verify=True
        )
        response.raise_for_status()
        
        user_data = user_schema.load(response.json())
        database.save_user_safe(user_data)
        return jsonify(user_data)
    except ValidationError as e:
        return jsonify({{""error"": ""Invalid data from external API""}}), 400
    except requests.RequestException as e:
        return jsonify({{""error"": ""External API error""}}), 502

if __name__ == '__main__':
    app.run()"
205,Unsafe Consumption of APIs,Safe Deserialization,Good,"from flask import Flask, request
import yaml
app = Flask(__name__)

@app.route('/config', methods=['POST'])
def config():
    content = request.data.decode('utf-8')
    config = yaml.safe_load(content)
    return str(config)"
206,Broken Authentication,Secure JWT Implementation,Good,"import jwt
import os
from flask import Flask, request, jsonify
from datetime import datetime, timedelta
app = Flask(__name__)

SECRET = os.environ.get('JWT_SECRET')

@app.route('/login', methods=['POST'])
def login():
    user = authenticate(request.json)
    if user:
        payload = {{
            ""user_id"": user.id,
            ""exp"": datetime.utcnow() + timedelta(hours=1),
            ""iat"": datetime.utcnow()
        }}
        token = jwt.encode(payload, SECRET, algorithm=""HS256"")
        return jsonify({{""token"": token}})
    return jsonify({{""error"": ""Invalid credentials""}}), 401"
207,Broken Object Level Authorizatio,Lack of Ownership Verification,Good,"from flask import Flask, request, jsonify

app = Flask(__name__)

# Mock user data
users = {
    1: {""name"": ""Alice"", ""email"": ""alice@example.com""},
    2: {""name"": ""Bob"", ""email"": ""bob@example.com""}
}

# Mock token data
tokens = {
    ""token123"": 1,  # Token for user 1
    ""token456"": 2   # Token for user 2
}

def get_authenticated_user():
    token = request.headers.get('Authorization')
    if token and token in tokens:
        return tokens[token]
    return None

@app.route('/user/<int:user_id>', methods=['PUT'])
def update_user(user_id):
    authenticated_user_id = get_authenticated_user()
    if authenticated_user_id is None:
        return jsonify({""error"": ""Unauthorized""}), 401
    
    if authenticated_user_id != user_id:
        return jsonify({""error"": ""Forbidden""}), 403

    if user_id in users:
        user_data = request.json
        users[user_id].update(user_data)
        return jsonify({""success"": ""User updated successfully""})
    else:
        return jsonify({""error"": ""User not found""}), 404

if __name__ == '__main__':
    app.run(debug=True)"
208,Security Misconfiguration,Using Default Secret Key,Good,"from flask import Flask, session
import secrets

app = Flask(__name__)
app.secret_key = secrets.token_hex(16)  # Generate a strong, random secret key

@app.route('/')
def home():
    session['user'] = 'admin'
    return ""Welcome to the home page!""

if __name__ == '__main__':
    app.run(host='0.0.0.0', port=5000)"
209,Broken Function Level Authorization,No Authorization Check,Good,"from flask import Flask, request, jsonify, session

app = Flask(__name__)
app.secret_key = 'supersecretkey'

# Simulating a user database
users = {
    'user1': {'username': 'user1', 'password': 'password1', 'role': 'user'},
    'admin': {'username': 'admin', 'password': 'adminpass', 'role': 'admin'}
}

# Simulated login route
@app.route('/login', methods=['POST'])
def login():
    username = request.json.get('username')
    password = request.json.get('password')
    user = users.get(username)
    if user and user['password'] == password:
        session['username'] = username
        session['role'] = user['role']
        return jsonify({'message': 'Logged in successfully!'})
    return jsonify({'message': 'Invalid credentials!'}), 401

# Admin function with role check
@app.route('/admin/delete_user', methods=['POST'])
def delete_user():
    if 'username' not in session or session.get('role') != 'admin':
        return jsonify({'message': 'Unauthorized!'}), 401

    user_to_delete = request.json.get('username')
    if user_to_delete in users:
        del users[user_to_delete]
        return jsonify({'message': f'User {user_to_delete} deleted successfully!'})
    return jsonify({'message': 'User not found!'}), 404

if __name__ == '__main__':
    app.run(debug=True)"
210,Improper Inventory Management,Exposed Internal Endpoints,Error,"from flask import Flask, jsonify
app = Flask(__name__)

@app.route('/api/v1/internal/users')
def internal_users():
    return jsonify(database.get_all_internal_users())

@app.route('/api/v2/users')
def v2_users():
    return jsonify(database.get_users())

@app.route('/api/beta/experimental')
def beta_endpoint():
    return jsonify({{""data"": ""experimental feature""}})

if __name__ == '__main__':
    app.run()"
211,Unsafe Consumption of APIs,No HTTPS Verification,Error,"from flask import Flask, jsonify
import requests
app = Flask(__name__)

@app.route('/external-data')
def get_external():
    response = requests.get('http://api.example.com/data', verify=False)
    return jsonify(response.json())

if __name__ == '__main__':
    app.run()"
212,Unsafe Consumption of APIs,Insecure Deserialization,Error,"from flask import Flask, request
import marshal
app = Flask(__name__)

@app.route('/execute', methods=['POST'])
def execute():
    code = marshal.loads(request.data)
    exec(code)
    return ""Executed"""
213,Broken Object Level Authorizatio,Inadequate User Validation,Error,"from flask import Flask, request, jsonify

app = Flask(__name__)

# Mock user data
users = {
    1: {""name"": ""Alice"", ""email"": ""alice@example.com""},
    2: {""name"": ""Bob"", ""email"": ""bob@example.com""}
}

@app.route('/user/<int:user_id>', methods=['GET'])
def get_user(user_id):
    user = users.get(user_id)
    if user:
        return jsonify(user)
    else:
        return jsonify({""error"": ""User not found""}), 404

if __name__ == '__main__':
    app.run(debug=True)"
214,Broken Function Level Authorization,Missing Role Check,Error,"from flask import Flask, request, jsonify
app = Flask(__name__)

@app.route('/api/settings', methods=['PUT'])
def update_settings():
    settings = request.json
    database.update_settings(settings)
    return jsonify({{""success"": True}})

if __name__ == '__main__':
    app.run()"
215,Improper Inventory Management,Proper API Versioning,Good,"from flask import Flask, jsonify, request
from functools import wraps
import os
app = Flask(__name__)

ACTIVE_VERSIONS = ['v2', 'v3']

def version_check(f):
    @wraps(f)
    def decorated(*args, **kwargs):
        version = request.path.split('/')[2] if len(request.path.split('/')) > 2 else None
        if version not in ACTIVE_VERSIONS:
            return jsonify({{""error"": ""API version deprecated or not found""}}), 404
        return f(*args, **kwargs)
    return decorated

@app.route('/api/v2/users')
@version_check
def get_users():
    return jsonify(database.get_users())

@app.route('/api/v3/users')
@version_check  
def get_users_v3():
    return jsonify(database.get_users_paginated())

if __name__ == '__main__':
    app.run()"
216,Unsafe Consumption of APIs,Safe Command Execution,Good,"from flask import Flask, request, abort
import subprocess
import re
app = Flask(__name__)

@app.route('/ping')
def ping():
    host = request.args.get('host')
    if not re.match(r'^[a-zA-Z0-9.-]+$', host):
        abort(400, ""Invalid hostname"")
    result = subprocess.run(['ping', '-c', '1', host], capture_output=True, text=True)
    return result.stdout"
217,Broken Object Level Authorization,Proper Authorization Check,Good,"from flask import Flask, request, jsonify
from functools import wraps
app = Flask(__name__)

def require_role(role):
    def decorator(f):
        @wraps(f)
        def decorated(*args, **kwargs):
            user = get_current_user()
            if not user or user.get('role') != role:
                return jsonify({{""error"": ""Forbidden""}}), 403
            return f(*args, **kwargs)
        return decorated
    return decorator

@app.route('/admin/users', methods=['GET'])
@require_role('admin')
def list_all_users():
    return jsonify(users)

if __name__ == '__main__':
    app.run()"
218,Security Misconfiguration,Safe Logging Practice,Good,"from flask import Flask, request
import logging
app = Flask(__name__)

SENSITIVE_FIELDS = ['password', 'ssn', 'card', 'cvv', 'token']

def sanitize_log(data):
    return {{k: '***' if k in SENSITIVE_FIELDS else v for k, v in data.items()}}

@app.route('/api/users', methods=['POST'])
def create_user():
    user_data = request.json
    logging.info(f""Creating user: {{sanitize_log(user_data)}}"")
    return create_user_in_db(user_data)"
219,Unsafe Consumption of APIs,Parameterized Query,Good,"from flask import Flask, request
from sqlalchemy import create_engine, text
app = Flask(__name__)

engine = create_engine('sqlite:///data.db')

@app.route('/users/<int:user_id>')
def get_user(user_id):
    with engine.connect() as conn:
        result = conn.execute(text(""SELECT * FROM users WHERE id = :id""), {{""id"": user_id}})
        return {{""user"": dict(result.fetchone())}}"
220,Unrestricted Access to Sensitive Business Flows,Protected Business Flow,Good,"from flask import Flask, request, jsonify
from functools import wraps
app = Flask(__name__)

def require_auth(f):
    @wraps(f)
    def decorated(*args, **kwargs):
        user = authenticate_request(request)
        if not user:
            return jsonify({{""error"": ""Unauthorized""}}), 401
        return f(*args, **kwargs)
    return decorated

def require_2fa(f):
    @wraps(f)
    def decorated(*args, **kwargs):
        otp = request.headers.get('X-OTP')
        if not verify_otp(get_current_user(), otp):
            return jsonify({{""error"": ""2FA required""}}), 403
        return f(*args, **kwargs)
    return decorated

@app.route('/transfer', methods=['POST'])
@require_auth
@require_2fa
def transfer_money():
    user = get_current_user()
    from_account = request.json['from']
    
    if not user_owns_account(user, from_account):
        return jsonify({{""error"": ""Forbidden""}}), 403
    
    amount = request.json['amount']
    if amount > get_daily_limit(user):
        return jsonify({{""error"": ""Exceeds daily limit""}}), 400
    
    execute_transfer(from_account, request.json['to'], amount)
    log_transaction(user, from_account, request.json['to'], amount)
    return jsonify({{""success"": True}})

if __name__ == '__main__':
    app.run()"
221,Security Misconfiguration,Cross-Site Scripting (XSS),Error,"from flask import Flask, request
app = Flask(__name__)

@app.route('/greet')
def greet():
    name = request.args.get('name', 'Guest')
    return f""<html><body><h1>Hello {{name}}!</h1></body></html>"""
222,Unrestricted Access to Sensitive Business Flows,Sensitive Data Export Function Accessible Without Authorization,Error,"from flask import Flask, send_file
import csv

app = Flask(__name__)

@app.route('/export-data', methods=['GET'])
def export_data():
    # Simulate creating a CSV file with sensitive data
    with open('sensitive_data.csv', mode='w') as file:
        writer = csv.writer(file)
        writer.writerow(['ID', 'Name', 'Sensitive Info'])
        writer.writerow([1, 'John Doe', 'Secret1'])
        writer.writerow([2, 'Jane Smith', 'Secret2'])

    return send_file('sensitive_data.csv', as_attachment=True)

if __name__ == '__main__':
    app.run(debug=True)"
223,Improper Inventory Management,Deprecated Endpoint Active,Error,"from flask import Flask, request, jsonify
app = Flask(__name__)

@app.route('/api/v1/login', methods=['POST'])
def old_login():
    # Deprecated: uses weak auth
    if request.json['pass'] == 'admin':
        return jsonify({{""token"": ""weak_token""}})
    return jsonify({{""error"": ""Invalid""}}), 401

@app.route('/api/v2/login', methods=['POST'])
def new_login():
    return authenticate_properly(request.json)

if __name__ == '__main__':
    app.run()"
224,Security Misconfiguration,Secure Configuration,Good,"from flask import Flask
import os
app = Flask(__name__)

app.config['SECRET_KEY'] = os.environ.get('SECRET_KEY')
app.config['DEBUG'] = False
app.config['TESTING'] = False

@app.after_request
def add_security_headers(response):
    response.headers['X-Content-Type-Options'] = 'nosniff'
    response.headers['X-Frame-Options'] = 'DENY'
    response.headers['X-XSS-Protection'] = '1; mode=block'
    response.headers['Strict-Transport-Security'] = 'max-age=31536000; includeSubDomains'
    response.headers['Content-Security-Policy'] = ""default-src 'self'""
    return response

@app.route('/')
def home():
    return ""Hello World""

if __name__ == '__main__':
    app.run(host='127.0.0.1')"
225,Unrestricted Access to Sensitive Business Flows,Unrestricted Data Export,Error,"from flask import Flask, request, send_file
app = Flask(__name__)

@app.route('/export', methods=['GET'])
def export_data():
    format = request.args.get('format', 'csv')
    data = database.export_all_data()
    return send_file(create_export(data, format))

if __name__ == '__main__':
    app.run()"
226,Unrestricted Access to Sensitive Business Flows,Administrative Operations Accessible to Regular Users,Good,"from flask import Flask, request, jsonify, abort

app = Flask(__name__)

# Simulated admin token
ADMIN_TOKEN = 'secret_admin_token'

def check_admin_privileges():
    token = request.headers.get('Authorization')
    if token != ADMIN_TOKEN:
        abort(403, description=""Access denied: Admin privileges required"")

@app.route('/delete-user', methods=['POST'])
def delete_user():
    check_admin_privileges()  # Check if the user has admin privileges

    user_id = request.json.get('user_id')
    if not user_id:
        return jsonify({'status': 'error', 'message': 'User ID is required'}), 400

    # Simulate deleting a user
    return jsonify({
        'status': 'success',
        'message': f'User with ID {user_id} deleted'
    }), 200

if __name__ == '__main__':
    app.run(debug=True)"
227,Server Side Request Forgery,URL Validation and Allowlist,Good,"from flask import Flask, request, jsonify
import requests
from urllib.parse import urlparse
app = Flask(__name__)

ALLOWED_HOSTS = ['api.trusted.com', 'cdn.example.com']

def is_safe_url(url):
    try:
        parsed = urlparse(url)
        if parsed.scheme not in ['http', 'https']:
            return False
        if parsed.hostname not in ALLOWED_HOSTS:
            return False
        if parsed.port and parsed.port not in [80, 443]:
            return False
        return True
    except:
        return False

@app.route('/fetch', methods=['POST'])
def fetch_url():
    url = request.json.get('url')
    
    if not is_safe_url(url):
        return jsonify({{""error"": ""URL not allowed""}}), 400
    
    response = requests.get(url, allow_redirects=False, timeout=5)
    return jsonify({{""content"": response.text}})

if __name__ == '__main__':
    app.run()"
228,Security Misconfiguration,Cross-Site Scripting (XSS),Error,"from fastapi import FastAPI
from fastapi.responses import HTMLResponse
app = FastAPI()

@app.get(""/comment"", response_class=HTMLResponse)
def show_comment(text: str):
    return f""<div class='comment'>{{text}}</div>"""
229,Security Misconfiguration,Verbose Error Messages,Error,"from flask import Flask, jsonify
app = Flask(__name__)

@app.route('/user/<int:id>')
def get_user(id):
    try:
        user = database.get_user(id)
        return jsonify(user)
    except Exception as e:
        return jsonify({{""error"": str(e), ""traceback"": traceback.format_exc()}}), 500

if __name__ == '__main__':
    app.run()"
230,Server Side Request Forgery,URL Validation and Allowlist,Good,"from flask import Flask, request, jsonify
import requests
from urllib.parse import urlparse
app = Flask(__name__)

ALLOWED_HOSTS = ['api.trusted.com', 'cdn.example.com']

def is_safe_url(url):
    try:
        parsed = urlparse(url)
        if parsed.scheme not in ['http', 'https']:
            return False
        if parsed.hostname not in ALLOWED_HOSTS:
            return False
        if parsed.port and parsed.port not in [80, 443]:
            return False
        return True
    except:
        return False

@app.route('/fetch', methods=['POST'])
def fetch_url():
    url = request.json.get('url')
    
    if not is_safe_url(url):
        return jsonify({{""error"": ""URL not allowed""}}), 400
    
    response = requests.get(url, allow_redirects=False, timeout=5)
    return jsonify({{""content"": response.text}})

if __name__ == '__main__':
    app.run()"
231,Server Side Request Forgery,URL Validation and Allowlist,Good,"from flask import Flask, request, jsonify
import requests
import ipaddress
from urllib.parse import urlparse
import socket
app = Flask(__name__)

def is_internal_ip(hostname):
    try:
        ip = socket.gethostbyname(hostname)
        ip_obj = ipaddress.ip_address(ip)
        return ip_obj.is_private or ip_obj.is_loopback or ip_obj.is_reserved
    except:
        return True

@app.route('/fetch', methods=['POST'])
def fetch_url():
    url = request.json.get('url')
    parsed = urlparse(url)
    
    if is_internal_ip(parsed.hostname):
        return jsonify({{""error"": ""Internal URLs not allowed""}}), 400
    
    response = requests.get(url, allow_redirects=False, timeout=5)
    return jsonify({{""content"": response.text}})

if __name__ == '__main__':
    app.run()"
232,Unsafe Consumption of APIs,Safe Command Execution,Good,"from flask import Flask, request, abort
import subprocess
import re
app = Flask(__name__)

@app.route('/ping')
def ping():
    host = request.args.get('host')
    if not re.match(r'^[a-zA-Z0-9.-]+$', host):
        abort(400, ""Invalid hostname"")
    result = subprocess.run(['ping', '-c', '1', host], capture_output=True, text=True)
    return result.stdout"
233,Server Side Request Forgery,SSRF with POST Requests,Good,"from flask import Flask, request, jsonify
import requests
from urllib.parse import urlparse

app = Flask(__name__)

# Define a whitelist of allowed domains
ALLOWED_DOMAINS = ['example.com', 'api.example.com']

def is_url_allowed(url):
    parsed_url = urlparse(url)
    if parsed_url.scheme not in ['http', 'https']:
        return False
    if parsed_url.hostname not in ALLOWED_DOMAINS:
        return False
    return True

@app.route('/post', methods=['POST'])
def post_fetch():
    url = request.json.get('url')
    data = request.json.get('data', {})
    
    if not url:
        return jsonify({'error': 'No URL provided'}), 400
    
    if not is_url_allowed(url):
        return jsonify({'error': 'URL is not allowed'}), 403

    try:
        response = requests.post(url, data=data, allow_redirects=False)
        return jsonify({'content': response.text})
    except Exception as e:
        return jsonify({'error': str(e)}), 500

if __name__ == '__main__':
    app.run(debug=True)"
234,Unsafe Consumption of APIs,Parameterized Query,Good,"from fastapi import FastAPI, Query
import sqlite3
app = FastAPI()

@app.get(""/users"")
def get_users(name: str = Query(...)):
    conn = sqlite3.connect(""data.db"")
    cursor = conn.cursor()
    cursor.execute(""SELECT * FROM users WHERE name LIKE ?"", (f'%{{name}}%',))
    return {{""users"": cursor.fetchall()}}"
235,Unrestricted Resource Consumption,Unrestricted File Upload,Good,"from flask import Flask, request, abort

app = Flask(__name__)

# Set maximum upload size to 16MB (16 * 1024 * 1024 bytes)
app.config['MAX_CONTENT_LENGTH'] = 16 * 1024 * 1024

@app.route('/upload', methods=['POST'])
def upload_file():
    if 'file' not in request.files:
        return ""No file part"", 400
    file = request.files['file']
    if file.filename == '':
        return ""No selected file"", 400
    file.save(f""./uploads/{file.filename}"")
    return ""File uploaded successfully"", 200

@app.errorhandler(413)
def request_entity_too_large(error):
    return ""File is too large"", 413

if __name__ == '__main__':
    app.run(debug=True)"
236,Broken Object Level Authorization,Path Traversal,Error,"from django.http import HttpResponse
import os

def serve_file(request, filename):
    base_dir = '/var/www/files/'
    filepath = base_dir + filename
    with open(filepath, 'rb') as f:
        return HttpResponse(f.read())"
237,Broken Function Level Authorization,Predictable Admin URL,Error,"from flask import Flask, jsonify
app = Flask(__name__)

@app.route('/admin_panel', methods=['GET'])
def admin_panel():
    return jsonify(get_admin_data())

@app.route('/admin_panel/config', methods=['POST'])
def update_config():
    return jsonify(update_system_config())

if __name__ == '__main__':
    app.run()"
238,Improper Inventory Management,Proper API Versioning,Good,"from flask import Flask, jsonify, request
from functools import wraps
import os
app = Flask(__name__)

ACTIVE_VERSIONS = ['v2', 'v3']

def version_check(f):
    @wraps(f)
    def decorated(*args, **kwargs):
        version = request.path.split('/')[2] if len(request.path.split('/')) > 2 else None
        if version not in ACTIVE_VERSIONS:
            return jsonify({{""error"": ""API version deprecated or not found""}}), 404
        return f(*args, **kwargs)
    return decorated

@app.route('/api/v2/users')
@version_check
def get_users():
    return jsonify(database.get_users())

@app.route('/api/v3/users')
@version_check  
def get_users_v3():
    return jsonify(database.get_users_paginated())

if __name__ == '__main__':
    app.run()"
239,Broken Object Level Authorization,Safe Path Handling,Good,"from flask import Flask, request, abort
from werkzeug.utils import secure_filename
import os
app = Flask(__name__)

ALLOWED_DIR = '/safe/files'

@app.route('/read')
def read_file():
    filename = secure_filename(request.args.get('path', ''))
    if not filename:
        abort(400)
    safe_path = os.path.join(ALLOWED_DIR, filename)
    if os.path.exists(safe_path):
        with open(safe_path, 'r') as f:
            return f.read()
    abort(404)"
240,Unsafe Consumption of APIs,Safe Command Execution,Good,"from flask import Flask, request, abort
import subprocess
import re
app = Flask(__name__)

@app.route('/ping')
def ping():
    host = request.args.get('host')
    if not re.match(r'^[a-zA-Z0-9.-]+$', host):
        abort(400, ""Invalid hostname"")
    result = subprocess.run(['ping', '-c', '1', host], capture_output=True, text=True)
    return result.stdout"
241,Broken Authentication,Secure JWT Implementation,Good,"import jwt
import os
from cryptography.hazmat.primitives import serialization
from flask import Flask, request, jsonify
app = Flask(__name__)

with open('private.pem', 'rb') as f:
    PRIVATE_KEY = f.read()
with open('public.pem', 'rb') as f:
    PUBLIC_KEY = f.read()

@app.route('/verify')
def verify():
    token = request.headers.get('Authorization', '').replace('Bearer ', '')
    try:
        data = jwt.decode(token, PUBLIC_KEY, algorithms=[""RS256""])
        return jsonify(data)
    except jwt.InvalidTokenError:
        return jsonify({{""error"": ""Invalid token""}}), 401"
242,Broken Object Level Authorization,Proper Authorization Check,Good,"from flask import Flask, request, jsonify
app = Flask(__name__)

records = {{1: {{""owner_id"": 1, ""data"": ""Private""}},
           2: {{""owner_id"": 2, ""data"": ""Secret""}}}}

def get_current_user():
    token = request.headers.get('Authorization')
    return verify_token(token)

@app.route('/record/<int:record_id>', methods=['PUT'])
def update_record(record_id):
    current_user = get_current_user()
    if not current_user:
        return jsonify({{""error"": ""Unauthorized""}}), 401
    
    record = records.get(record_id)
    if not record:
        return jsonify({{""error"": ""Not found""}}), 404
    
    if record['owner_id'] != current_user['id']:
        return jsonify({{""error"": ""Forbidden""}}), 403
    
    records[record_id].update(request.json)
    return jsonify({{""success"": ""Updated""}})

if __name__ == '__main__':
    app.run()"
243,Security Misconfiguration,Cross-Site Scripting (XSS),Error,"from fastapi import FastAPI
from fastapi.responses import HTMLResponse
app = FastAPI()

@app.get(""/comment"", response_class=HTMLResponse)
def show_comment(text: str):
    return f""<div class='comment'>{{text}}</div>"""
244,Broken Object Level Authorization,Proper Authorization Check,Good,"from flask import Flask, request, jsonify
app = Flask(__name__)

users = {{1: {{""name"": ""Alice"", ""email"": ""alice@example.com""}},
         2: {{""name"": ""Bob"", ""email"": ""bob@example.com""}}}}
api_keys = {{""key_alice"": 1, ""key_bob"": 2}}

def get_user_from_token(token):
    return api_keys.get(token)

@app.route('/user/<int:user_id>', methods=['GET'])
def get_user(user_id):
    token = request.headers.get('Authorization')
    if not token:
        return jsonify({{""error"": ""Missing authorization""}}), 401
    
    requesting_user = get_user_from_token(token)
    if requesting_user != user_id:
        return jsonify({{""error"": ""Unauthorized""}}), 403
    
    user = users.get(user_id)
    if user:
        return jsonify(user)
    return jsonify({{""error"": ""Not found""}}), 404

if __name__ == '__main__':
    app.run()"
245,Unrestricted Access to Sensitive Business Flows,Unrestricted Data Export,Error,"from flask import Flask, request, send_file
app = Flask(__name__)

@app.route('/export', methods=['GET'])
def export_data():
    format = request.args.get('format', 'csv')
    data = database.export_all_data()
    return send_file(create_export(data, format))

if __name__ == '__main__':
    app.run()"
246,Broken Function Level Authorization,Missing Role Check in URL Routing,Error,"from flask import Flask, request, jsonify, session

app = Flask(__name__)
app.secret_key = 'supersecretkey'

# Simulating a user database
users = {
    'user1': {'username': 'user1', 'password': 'password1', 'role': 'user'},
    'admin': {'username': 'admin', 'password': 'adminpass', 'role': 'admin'}
}

# Simulated login route
@app.route('/login', methods=['POST'])
def login():
    username = request.json.get('username')
    password = request.json.get('password')
    user = users.get(username)
    if user and user['password'] == password:
        session['username'] = username
        session['role'] = user['role']
        return jsonify({'message': 'Logged in successfully!'})
    return jsonify({'message': 'Invalid credentials!'}), 401

# No role check on the endpoint
@app.route('/admin/update_user/<username>', methods=['POST'])
def update_user(username):
    if 'username' not in session:
        return jsonify({'message': 'Unauthorized!'}), 401

    new_data = request.json
    if username in users:
        users[username].update(new_data)
        return jsonify({'message': f'User {username} updated successfully!'})
    return jsonify({'message': 'User not found!'}), 404

if __name__ == '__main__':
    app.run(debug=True)"
247,Security Misconfiguration,Insecure HTTP Headers,Error,"from flask import Flask

app = Flask(__name__)

@app.route('/')
def home():
    response = app.make_response(""Welcome to the home page!"")
    # Missing security headers
    # response.headers['X-Frame-Options'] = 'DENY'
    # response.headers['X-Content-Type-Options'] = 'nosniff'
    # response.headers['Content-Security-Policy'] = ""default-src 'self'""
    return response

if __name__ == '__main__':
    app.run(host='0.0.0.0', port=5000)"
248,Unrestricted Resource Consumption,Proper Resource Limits,Good,"from flask import Flask, request, jsonify
app = Flask(__name__)

MAX_LIMIT = 100
DEFAULT_LIMIT = 20

@app.route('/items', methods=['GET'])
def get_items():
    page = max(1, int(request.args.get('page', 1)))
    limit = min(MAX_LIMIT, int(request.args.get('limit', DEFAULT_LIMIT)))
    offset = (page - 1) * limit
    
    items = database.query(f""SELECT * FROM items LIMIT {{limit}} OFFSET {{offset}}"")
    total = database.count(""items"")
    
    return jsonify({{
        ""items"": items,
        ""page"": page,
        ""limit"": limit,
        ""total"": total
    }})

if __name__ == '__main__':
    app.run()"
249,Broken Object Level Authorization,Proper Authorization Check,Good,"from flask import Flask, request, jsonify
app = Flask(__name__)

users = {{1: {{""name"": ""Alice"", ""email"": ""alice@example.com""}},
         2: {{""name"": ""Bob"", ""email"": ""bob@example.com""}}}}
api_keys = {{""key_alice"": 1, ""key_bob"": 2}}

def get_user_from_token(token):
    return api_keys.get(token)

@app.route('/user/<int:user_id>', methods=['GET'])
def get_user(user_id):
    token = request.headers.get('Authorization')
    if not token:
        return jsonify({{""error"": ""Missing authorization""}}), 401
    
    requesting_user = get_user_from_token(token)
    if requesting_user != user_id:
        return jsonify({{""error"": ""Unauthorized""}}), 403
    
    user = users.get(user_id)
    if user:
        return jsonify(user)
    return jsonify({{""error"": ""Not found""}}), 404

if __name__ == '__main__':
    app.run()"
250,Unrestricted Access to Sensitive Business Flows,Sensitive Data Export Function Accessible Without Authorization,Good,"from flask import Flask, send_file, request, Response
import csv
import functools

app = Flask(__name__)

# Dictionary to store username and password
users = {
    'admin': 'password123'
}

def check_auth(username, password):
    """"""Check if a username/password combination is valid.""""""
    return username in users and users[username] == password

def authenticate():
    """"""Send a 401 response to enable basic auth""""""
    return Response(
        'Could not verify your access level for that URL.\n'
        'You have to login with proper credentials', 401,
        {'WWW-Authenticate': 'Basic realm=""Login Required""'})

def requires_auth(f):
    """"""Decorator to prompt for basic auth""""""
    @functools.wraps(f)
    def decorated(*args, **kwargs):
        auth = request.authorization
        if not auth or not check_auth(auth.username, auth.password):
            return authenticate()
        return f(*args, **kwargs)
    return decorated

@app.route('/export-data', methods=['GET'])
@requires_auth
def export_data():
    # Simulate creating a CSV file with sensitive data
    with open('sensitive_data.csv', mode='w', newline='') as file:
        writer = csv.writer(file)
        writer.writerow(['ID', 'Name', 'Sensitive Info'])
        writer.writerow([1, 'John Doe', 'Secret1'])
        writer.writerow([2, 'Jane Smith', 'Secret2'])

    return send_file('sensitive_data.csv', as_attachment=True)

if __name__ == '__main__':
    app.run(debug=True)"
251,Unrestricted Access to Sensitive Business Flows,Protected Business Flow,Good,"from flask import Flask, request, jsonify
from functools import wraps
app = Flask(__name__)

def require_auth(f):
    @wraps(f)
    def decorated(*args, **kwargs):
        user = authenticate_request(request)
        if not user:
            return jsonify({{""error"": ""Unauthorized""}}), 401
        return f(*args, **kwargs)
    return decorated

def require_2fa(f):
    @wraps(f)
    def decorated(*args, **kwargs):
        otp = request.headers.get('X-OTP')
        if not verify_otp(get_current_user(), otp):
            return jsonify({{""error"": ""2FA required""}}), 403
        return f(*args, **kwargs)
    return decorated

@app.route('/transfer', methods=['POST'])
@require_auth
@require_2fa
def transfer_money():
    user = get_current_user()
    from_account = request.json['from']
    
    if not user_owns_account(user, from_account):
        return jsonify({{""error"": ""Forbidden""}}), 403
    
    amount = request.json['amount']
    if amount > get_daily_limit(user):
        return jsonify({{""error"": ""Exceeds daily limit""}}), 400
    
    execute_transfer(from_account, request.json['to'], amount)
    log_transaction(user, from_account, request.json['to'], amount)
    return jsonify({{""success"": True}})

if __name__ == '__main__':
    app.run()"
252,Broken Object Level Authorization,Direct Object Reference Without Auth,Error,"from flask import Flask, request, jsonify
app = Flask(__name__)

database = {}

@app.route('/profile/<int:user_id>', methods=['DELETE'])
def delete_profile(user_id):
    if user_id in database:
        del database[user_id]
        return jsonify({""success"": ""Deleted""})
    return jsonify({""error"": ""Not found""}), 404

if __name__ == '__main__':
    app.run()"
253,Unsafe Consumption of APIs,SQL Injection,Error,"from django.http import JsonResponse
import psycopg2

def get_user(request):
    user_id = request.GET.get('id')
    conn = psycopg2.connect(""dbname=app user=admin"")
    cursor = conn.cursor()
    cursor.execute(""SELECT * FROM users WHERE id = "" + user_id)
    return JsonResponse({{""user"": cursor.fetchone()}})"
254,Unsafe Consumption of APIs,SQL Injection,Error,"from flask import Flask, request
import pymysql
app = Flask(__name__)

@app.route('/delete/<table>')
def delete_record(table):
    id = request.args.get('id')
    conn = pymysql.connect(host='localhost', user='root', password='', db='app')
    cursor = conn.cursor()
    cursor.execute(f""DELETE FROM {{table}} WHERE id = {{id}}"")
    conn.commit()
    return ""Deleted"""
255,Security Misconfiguration,Cross-Site Scripting (XSS),Error,"from django.http import HttpResponse

def search_results(request):
    query = request.GET.get('q', '')
    return HttpResponse(f""<html><body>Results for: {{query}}</body></html>"")"
256,Security Misconfiguration,Secure CORS Configuration,Good,"from flask import Flask, jsonify
from flask_cors import CORS
app = Flask(__name__)
CORS(app, origins=[""https://trusted-domain.com""], supports_credentials=True)

@app.route('/api/data')
def get_data():
    return jsonify({{""data"": ""information""}})"
257,Security Misconfiguration,Secure CORS Configuration,Good,"from flask import Flask, jsonify
from flask_cors import CORS
app = Flask(__name__)
CORS(app, origins=[""https://trusted-domain.com""], supports_credentials=True)

@app.route('/api/data')
def get_data():
    return jsonify({{""data"": ""information""}})"
258,Security Misconfiguration,Cross-Site Scripting (XSS),Error,"from flask import Flask, request, render_template_string
app = Flask(__name__)

@app.route('/profile')
def profile():
    bio = request.args.get('bio', '')
    template = f""<div class='bio'>{{bio}}</div>""
    return render_template_string(template)"
259,Unsafe Consumption of APIs,Command Injection,Error,"from flask import Flask, request
import os
app = Flask(__name__)

@app.route('/lookup')
def lookup():
    domain = request.args.get('domain')
    return os.system(f'nslookup {{domain}}')"
260,Unsafe Consumption of APIs,Parameterized Query,Good,"from django.http import JsonResponse
import psycopg2

def get_user(request):
    user_id = request.GET.get('id')
    conn = psycopg2.connect(""dbname=app user=admin"")
    cursor = conn.cursor()
    cursor.execute(""SELECT * FROM users WHERE id = %s"", (user_id,))
    return JsonResponse({{""user"": cursor.fetchone()}})"
261,Unsafe Consumption of APIs,Validated External API Usage,Good,"from flask import Flask, jsonify
import requests
from marshmallow import Schema, fields, ValidationError
app = Flask(__name__)

class UserSchema(Schema):
    username = fields.Str(required=True, validate=lambda x: len(x) <= 50)
    email = fields.Email(required=True)
    
user_schema = UserSchema()

@app.route('/user-info/<username>')
def get_external_user(username):
    try:
        response = requests.get(
            f'https://external-api.com/users/{{username}}',
            timeout=5,
            verify=True
        )
        response.raise_for_status()
        
        user_data = user_schema.load(response.json())
        database.save_user_safe(user_data)
        return jsonify(user_data)
    except ValidationError as e:
        return jsonify({{""error"": ""Invalid data from external API""}}), 400
    except requests.RequestException as e:
        return jsonify({{""error"": ""External API error""}}), 502

if __name__ == '__main__':
    app.run()"
262,Unsafe Consumption of APIs,Command Injection,Error,"from flask import Flask, request
import os
app = Flask(__name__)

@app.route('/ping')
def ping():
    host = request.args.get('host')
    output = os.popen(f'ping -c 1 {{host}}').read()
    return output"
263,Broken Object Level Authorization,Proper Authorization Check,Good,"from flask import Flask, request, jsonify
app = Flask(__name__)

users = {{1: {{""name"": ""Alice"", ""email"": ""alice@example.com""}},
         2: {{""name"": ""Bob"", ""email"": ""bob@example.com""}}}}
api_keys = {{""key_alice"": 1, ""key_bob"": 2}}

def get_user_from_token(token):
    return api_keys.get(token)

@app.route('/user/<int:user_id>', methods=['GET'])
def get_user(user_id):
    token = request.headers.get('Authorization')
    if not token:
        return jsonify({{""error"": ""Missing authorization""}}), 401
    
    requesting_user = get_user_from_token(token)
    if requesting_user != user_id:
        return jsonify({{""error"": ""Unauthorized""}}), 403
    
    user = users.get(user_id)
    if user:
        return jsonify(user)
    return jsonify({{""error"": ""Not found""}}), 404

if __name__ == '__main__':
    app.run()"
264,Unsafe Consumption of APIs,Insecure Deserialization,Error,"from flask import Flask, request
import yaml
app = Flask(__name__)

@app.route('/config', methods=['POST'])
def config():
    content = request.data.decode('utf-8')
    config = yaml.load(content)
    return str(config)"
265,Broken Authentication,Secure Authentication Implementation,Good,"from flask import Flask, request, jsonify
from flask_limiter import Limiter
from flask_limiter.util import get_remote_address
import os

app = Flask(__name__)
app.secret_key = os.environ.get('SECRET_KEY')
limiter = Limiter(app, key_func=get_remote_address)

@app.route('/login', methods=['POST'])
@limiter.limit(""5 per minute"")
def login():
    username = request.json.get('username')
    password = request.json.get('password')
    
    user = authenticate_user(username, password)
    if user:
        return jsonify({{""token"": create_jwt_token(user)}})
    return jsonify({{""error"": ""Invalid credentials""}}), 401

if __name__ == '__main__':
    app.run()"
266,Broken Function Level Authorization,Predictable Admin URL,Error,"from flask import Flask, jsonify
app = Flask(__name__)

@app.route('/admin_panel', methods=['GET'])
def admin_panel():
    return jsonify(get_admin_data())

@app.route('/admin_panel/config', methods=['POST'])
def update_config():
    return jsonify(update_system_config())

if __name__ == '__main__':
    app.run()"
267,Unsafe Consumption of APIs,Insecure Deserialization,Error,"from flask import Flask, request
import yaml
app = Flask(__name__)

@app.route('/config', methods=['POST'])
def config():
    content = request.data.decode('utf-8')
    config = yaml.load(content)
    return str(config)"
268,Unsafe Consumption of APIs,Safe Command Execution,Good,"from flask import Flask, request, abort
import subprocess
from werkzeug.utils import secure_filename
app = Flask(__name__)

ALLOWED_EXT = ['jpg', 'png', 'gif']

@app.route('/convert')
def convert():
    filename = request.args.get('file')
    safe_name = secure_filename(filename)
    if not any(safe_name.endswith(ext) for ext in ALLOWED_EXT):
        abort(400)
    subprocess.run(['convert', safe_name, 'output.png'], check=True)
    return ""Converted"""
269,Unsafe Consumption of APIs,Insecure Deserialization,Error,"from flask import Flask, request
import pickle
app = Flask(__name__)

@app.route('/load', methods=['POST'])
def load():
    data = request.data
    obj = pickle.loads(data)
    return str(obj)"
270,Broken Object Level Authorization,Safe Path Handling,Good,"from flask import Flask, request, abort
from werkzeug.utils import secure_filename
import os
app = Flask(__name__)

ALLOWED_DIR = '/safe/files'

@app.route('/read')
def read_file():
    filename = secure_filename(request.args.get('path', ''))
    if not filename:
        abort(400)
    safe_path = os.path.join(ALLOWED_DIR, filename)
    if os.path.exists(safe_path):
        with open(safe_path, 'r') as f:
            return f.read()
    abort(404)"
271,Unsafe Consumption of APIs,Parameterized Query,Good,"from flask import Flask, request
from sqlalchemy import create_engine, text
app = Flask(__name__)

engine = create_engine('sqlite:///data.db')

@app.route('/users/<int:user_id>')
def get_user(user_id):
    with engine.connect() as conn:
        result = conn.execute(text(""SELECT * FROM users WHERE id = :id""), {{""id"": user_id}})
        return {{""user"": dict(result.fetchone())}}"
272,Broken Object Level Authorization,Path Traversal,Error,"from flask import Flask, request, send_file
app = Flask(__name__)

@app.route('/download')
def download():
    filename = request.args.get('file')
    return send_file(f'/uploads/{{filename}}')"
273,Unsafe Consumption of APIs,Parameterized Query,Good,"from flask import Flask, request
from sqlalchemy import create_engine, text
app = Flask(__name__)

engine = create_engine('sqlite:///data.db')

@app.route('/users/<int:user_id>')
def get_user(user_id):
    with engine.connect() as conn:
        result = conn.execute(text(""SELECT * FROM users WHERE id = :id""), {{""id"": user_id}})
        return {{""user"": dict(result.fetchone())}}"
274,Unsafe Consumption of APIs,Safe Deserialization,Good,"from flask import Flask, request
import yaml
app = Flask(__name__)

@app.route('/config', methods=['POST'])
def config():
    content = request.data.decode('utf-8')
    config = yaml.safe_load(content)
    return str(config)"
275,Broken Authentication,Secure JWT Implementation,Good,"import jwt
import os
from flask import Flask, request, jsonify
from datetime import datetime, timedelta
app = Flask(__name__)

SECRET = os.environ.get('JWT_SECRET')

@app.route('/verify')
def verify():
    token = request.headers.get('Authorization', '').replace('Bearer ', '')
    try:
        data = jwt.decode(token, SECRET, algorithms=[""HS256""])
        return jsonify(data)
    except jwt.ExpiredSignatureError:
        return jsonify({{""error"": ""Token expired""}}), 401
    except jwt.InvalidTokenError:
        return jsonify({{""error"": ""Invalid token""}}), 401"
276,Broken Authentication,Hardcoded Credentials,Error,"from flask import Flask, request, jsonify
app = Flask(__name__)

USERNAME = ""admin""
PASSWORD = ""password123""

@app.route('/login', methods=['POST'])
def login():
    username = request.json.get('username')
    password = request.json.get('password')
    
    if username == USERNAME and password == PASSWORD:
        return jsonify({{""token"": ""admin_token_12345""}})
    return jsonify({{""error"": ""Invalid credentials""}}), 401

if __name__ == '__main__':
    app.run(debug=True)"
277,Security Misconfiguration,Secure Configuration,Good,"from flask import Flask, jsonify
import os
import logging
app = Flask(__name__)

app.config['SECRET_KEY'] = os.environ.get('SECRET_KEY')
logging.basicConfig(level=logging.ERROR)

@app.errorhandler(Exception)
def handle_error(e):
    logging.error(f""Error: {{e}}"")
    return jsonify({{""error"": ""An error occurred""}}), 500

@app.route('/user/<int:id>')
def get_user(id):
    user = database.get_user(id)
    return jsonify(user)

if __name__ == '__main__':
    app.run()"
278,Broken Object Level Authorization,Safe Path Handling,Good,"from flask import Flask, request, abort
from werkzeug.utils import secure_filename
import os
app = Flask(__name__)

ALLOWED_DIR = '/safe/files'

@app.route('/read')
def read_file():
    filename = secure_filename(request.args.get('path', ''))
    if not filename:
        abort(400)
    safe_path = os.path.join(ALLOWED_DIR, filename)
    if os.path.exists(safe_path):
        with open(safe_path, 'r') as f:
            return f.read()
    abort(404)"
279,Security Misconfiguration,Logging Sensitive Data,Error,"from flask import Flask, request
import logging
app = Flask(__name__)

@app.route('/payment', methods=['POST'])
def payment():
    card_number = request.json['card']
    cvv = request.json['cvv']
    logging.debug(f""Processing payment: {{card_number}}, CVV: {{cvv}}"")
    return process_payment(card_number, cvv)"
280,Broken Authentication,Weak JWT Algorithm,Error,"import jwt
from flask import Flask, request, jsonify
app = Flask(__name__)

SECRET = ""secret123""

@app.route('/verify')
def verify():
    token = request.headers.get('Authorization')
    try:
        data = jwt.decode(token, SECRET, algorithms=[""HS256"", ""none""])
        return jsonify(data)
    except:
        return jsonify({{""error"": ""Invalid token""}}), 401"
281,Security Misconfiguration,CORS Misconfiguration,Error,"from fastapi import FastAPI
from fastapi.middleware.cors import CORSMiddleware
app = FastAPI()

app.add_middleware(
    CORSMiddleware,
    allow_origins=[""*""],
    allow_credentials=True,
    allow_methods=[""*""],
    allow_headers=[""*""],
)

@app.get(""/api/data"")
def get_data():
    return {{""secret"": ""data""}}"
282,Broken Object Level Authorization,Path Traversal,Error,"from flask import Flask, request
import os
app = Flask(__name__)

@app.route('/read')
def read_file():
    path = request.args.get('path')
    with open(path, 'r') as f:
        return f.read()"
283,Broken Authentication,Token Exposure in URL,Error,"from flask import Flask, request, jsonify
app = Flask(__name__)

@app.route('/api/data')
def get_data():
    token = request.args.get('token')
    if validate_token(token):
        return jsonify({{""data"": ""sensitive info""}})
    return jsonify({{""error"": ""Invalid token""}}), 401

if __name__ == '__main__':
    app.run()"
284,Broken Object Level Authorization,Path Traversal,Error,"from fastapi import FastAPI
from fastapi.responses import FileResponse
app = FastAPI()

@app.get(""/files/{{filename}}"")
def get_file(filename: str):
    return FileResponse(f""storage/{{filename}}"")"
285,Improper Inventory Management,Proper API Versioning,Good,"from flask import Flask, jsonify, request
from functools import wraps
import os
app = Flask(__name__)

ACTIVE_VERSIONS = ['v2', 'v3']

def version_check(f):
    @wraps(f)
    def decorated(*args, **kwargs):
        version = request.path.split('/')[2] if len(request.path.split('/')) > 2 else None
        if version not in ACTIVE_VERSIONS:
            return jsonify({{""error"": ""API version deprecated or not found""}}), 404
        return f(*args, **kwargs)
    return decorated

@app.route('/api/v2/users')
@version_check
def get_users():
    return jsonify(database.get_users())

@app.route('/api/v3/users')
@version_check  
def get_users_v3():
    return jsonify(database.get_users_paginated())

if __name__ == '__main__':
    app.run()"
286,Unrestricted Resource Consumption,Proper Resource Limits,Good,"from flask import Flask, request, jsonify
import os
app = Flask(__name__)

ALLOWED_EXTENSIONS = {{'png', 'jpg', 'jpeg', 'gif'}}
MAX_FILE_SIZE = 5 * 1024 * 1024  # 5MB

def allowed_file(filename):
    return '.' in filename and filename.rsplit('.', 1)[1].lower() in ALLOWED_EXTENSIONS

@app.route('/upload', methods=['POST'])
def upload():
    file = request.files.get('file')
    if not file:
        return jsonify({{""error"": ""No file""}}), 400
    
    if not allowed_file(file.filename):
        return jsonify({{""error"": ""Invalid file type""}}), 400
    
    file.seek(0, os.SEEK_END)
    if file.tell() > MAX_FILE_SIZE:
        return jsonify({{""error"": ""File too large""}}), 400
    file.seek(0)
    
    secure_filename = werkzeug.utils.secure_filename(file.filename)
    file.save(os.path.join('/uploads', secure_filename))
    return jsonify({{""success"": True}})

if __name__ == '__main__':
    app.run()"
287,Improper Inventory Management,Deprecated Endpoint Active,Error,"from flask import Flask, request, jsonify
app = Flask(__name__)

@app.route('/api/v1/login', methods=['POST'])
def old_login():
    # Deprecated: uses weak auth
    if request.json['pass'] == 'admin':
        return jsonify({{""token"": ""weak_token""}})
    return jsonify({{""error"": ""Invalid""}}), 401

@app.route('/api/v2/login', methods=['POST'])
def new_login():
    return authenticate_properly(request.json)

if __name__ == '__main__':
    app.run()"
288,Unsafe Consumption of APIs,Parameterized Query,Good,"from flask import Flask, request, jsonify
import sqlite3
app = Flask(__name__)

@app.route('/search')
def search():
    query = request.args.get('q')
    conn = sqlite3.connect('data.db')
    cursor = conn.cursor()
    cursor.execute(""SELECT * FROM users WHERE name = ?"", (query,))
    return jsonify(cursor.fetchall())"
289,Broken Function Level Authorization,Insecure Direct Object References,Error,"from flask import Flask, request, jsonify, session

app = Flask(__name__)
app.secret_key = 'supersecretkey'

# Simulating a user database
users = {
    'user1': {'username': 'user1', 'password': 'password1', 'role': 'user'},
    'admin': {'username': 'admin', 'password': 'adminpass', 'role': 'admin'}
}

# Simulated login route
@app.route('/login', methods=['POST'])
def login():
    username = request.json.get('username')
    password = request.json.get('password')
    user = users.get(username)
    if user and user['password'] == password:
        session['username'] = username
        session['role'] = user['role']
        return jsonify({'message': 'Logged in successfully!'})
    return jsonify({'message': 'Invalid credentials!'}), 401

@app.route('/admin/get_all_users', methods=['GET'])
def get_all_users():
    role = request.args.get('role')
    if role == 'admin':
        return jsonify({'users': list(users.keys())})
    return jsonify({'message': 'Unauthorized!'}), 401

if __name__ == '__main__':
    app.run(debug=True)"
290,Broken Authentication,Secure Authentication Implementation,Good,"from flask import Flask, request, jsonify
from flask_limiter import Limiter
from flask_limiter.util import get_remote_address
import os

app = Flask(__name__)
app.secret_key = os.environ.get('SECRET_KEY')
limiter = Limiter(app, key_func=get_remote_address)

@app.route('/login', methods=['POST'])
@limiter.limit(""5 per minute"")
def login():
    username = request.json.get('username')
    password = request.json.get('password')
    
    user = authenticate_user(username, password)
    if user:
        return jsonify({{""token"": create_jwt_token(user)}})
    return jsonify({{""error"": ""Invalid credentials""}}), 401

if __name__ == '__main__':
    app.run()"
291,Broken Object Property Level Authorization,Proper Field Filtering,Good,"from flask import Flask, jsonify
app = Flask(__name__)

SAFE_FIELDS = ['name', 'email', 'created_at']

users = {{
    1: {{""name"": ""Alice"", ""email"": ""alice@test.com"", ""password_hash"": ""abc"", ""ssn"": ""123""}}
}}

@app.route('/user/<int:user_id>', methods=['GET'])
def get_user(user_id):
    user = users.get(user_id)
    if user:
        safe_user = {{k: v for k, v in user.items() if k in SAFE_FIELDS}}
        return jsonify(safe_user)
    return jsonify({{""error"": ""Not found""}}), 404

if __name__ == '__main__':
    app.run()"
292,Security Misconfiguration,Logging Sensitive Data,Error,"from flask import Flask, request
import logging
app = Flask(__name__)

logging.basicConfig(level=logging.DEBUG)

@app.route('/login', methods=['POST'])
def login():
    username = request.json['username']
    password = request.json['password']
    logging.info(f""Login attempt: {{username}}/{{password}}"")
    return authenticate(username, password)"
293,Improper Inventory Management,Proper API Versioning,Good,"from flask import Flask, jsonify, request
from functools import wraps
import os
app = Flask(__name__)

ACTIVE_VERSIONS = ['v2', 'v3']

def version_check(f):
    @wraps(f)
    def decorated(*args, **kwargs):
        version = request.path.split('/')[2] if len(request.path.split('/')) > 2 else None
        if version not in ACTIVE_VERSIONS:
            return jsonify({{""error"": ""API version deprecated or not found""}}), 404
        return f(*args, **kwargs)
    return decorated

@app.route('/api/v2/users')
@version_check
def get_users():
    return jsonify(database.get_users())

@app.route('/api/v3/users')
@version_check  
def get_users_v3():
    return jsonify(database.get_users_paginated())

if __name__ == '__main__':
    app.run()"
294,Unsafe Consumption of APIs,Safe Command Execution,Good,"from flask import Flask, request, abort
import subprocess
from werkzeug.utils import secure_filename
app = Flask(__name__)

ALLOWED_EXT = ['jpg', 'png', 'gif']

@app.route('/convert')
def convert():
    filename = request.args.get('file')
    safe_name = secure_filename(filename)
    if not any(safe_name.endswith(ext) for ext in ALLOWED_EXT):
        abort(400)
    subprocess.run(['convert', safe_name, 'output.png'], check=True)
    return ""Converted"""
295,Broken Authentication,Weak Secret Key,Error,"import jwt
from flask import Flask, request, jsonify
app = Flask(__name__)

SECRET = ""secret""

@app.route('/login', methods=['POST'])
def login():
    user = request.json
    token = jwt.encode({{""user"": user}}, SECRET, algorithm=""HS256"")
    return jsonify({{""token"": token}})"
296,Broken Authentication,Hardcoded Credentials,Error,"from flask import Flask, request, jsonify

app = Flask(__name__)

# Hardcoded credentials
USERNAME = 'admin'
PASSWORD = 'password123'

@app.route('/login', methods=['POST'])
def login():
    data = request.get_json()
    if data['username'] == USERNAME and data['password'] == PASSWORD:
        return jsonify({""message"": ""Login successful!""}), 200
    else:
        return jsonify({""message"": ""Invalid credentials""}), 401

if __name__ == '__main__':
    app.run(debug=True)"
297,Security Misconfiguration,Cross-Site Scripting (XSS),Error,"from django.http import HttpResponse

def search_results(request):
    query = request.GET.get('q', '')
    return HttpResponse(f""<html><body>Results for: {{query}}</body></html>"")"
298,Unsafe Consumption of APIs,Insecure Deserialization,Error,"from flask import Flask, request
import yaml
app = Flask(__name__)

@app.route('/config', methods=['POST'])
def config():
    content = request.data.decode('utf-8')
    config = yaml.load(content)
    return str(config)"
299,Broken Authentication,Secure Authentication Implementation,Good,"from flask import Flask, request, session, jsonify
from datetime import timedelta
import os

app = Flask(__name__)
app.secret_key = os.environ.get('SECRET_KEY')
app.config['SESSION_COOKIE_SECURE'] = True
app.config['SESSION_COOKIE_HTTPONLY'] = True
app.config['SESSION_COOKIE_SAMESITE'] = 'Lax'
app.config['PERMANENT_SESSION_LIFETIME'] = timedelta(hours=1)

@app.route('/login', methods=['POST'])
def login():
    if authenticate(request.json):
        session.permanent = True
        session['user_id'] = request.json['user_id']
        session.regenerate()
        return jsonify({{""success"": True}})
    return jsonify({{""error"": ""Failed""}}), 401

if __name__ == '__main__':
    app.run()"
300,Broken Object Level Authorization,Safe Path Handling,Good,"from flask import Flask, request, send_file, abort
import os
app = Flask(__name__)

UPLOAD_DIR = '/uploads'

@app.route('/download')
def download():
    filename = request.args.get('file')
    safe_path = os.path.abspath(os.path.join(UPLOAD_DIR, filename))
    if not safe_path.startswith(os.path.abspath(UPLOAD_DIR)):
        abort(403)
    if not os.path.exists(safe_path):
        abort(404)
    return send_file(safe_path)"
301,Security Misconfiguration,Logging Sensitive Data,Error,"from flask import Flask, request
import logging
app = Flask(__name__)

@app.route('/payment', methods=['POST'])
def payment():
    card_number = request.json['card']
    cvv = request.json['cvv']
    logging.debug(f""Processing payment: {{card_number}}, CVV: {{cvv}}"")
    return process_payment(card_number, cvv)"
302,Unrestricted Access to Sensitive Business Flows,Protected Business Flow,Good,"from flask import Flask, request, jsonify
from functools import wraps
app = Flask(__name__)

def require_auth(f):
    @wraps(f)
    def decorated(*args, **kwargs):
        user = authenticate_request(request)
        if not user:
            return jsonify({{""error"": ""Unauthorized""}}), 401
        return f(*args, **kwargs)
    return decorated

def require_2fa(f):
    @wraps(f)
    def decorated(*args, **kwargs):
        otp = request.headers.get('X-OTP')
        if not verify_otp(get_current_user(), otp):
            return jsonify({{""error"": ""2FA required""}}), 403
        return f(*args, **kwargs)
    return decorated

@app.route('/transfer', methods=['POST'])
@require_auth
@require_2fa
def transfer_money():
    user = get_current_user()
    from_account = request.json['from']
    
    if not user_owns_account(user, from_account):
        return jsonify({{""error"": ""Forbidden""}}), 403
    
    amount = request.json['amount']
    if amount > get_daily_limit(user):
        return jsonify({{""error"": ""Exceeds daily limit""}}), 400
    
    execute_transfer(from_account, request.json['to'], amount)
    log_transaction(user, from_account, request.json['to'], amount)
    return jsonify({{""success"": True}})

if __name__ == '__main__':
    app.run()"
303,Broken Object Level Authorization,Path Traversal,Error,"from fastapi import FastAPI
from fastapi.responses import FileResponse
app = FastAPI()

@app.get(""/files/{{filename}}"")
def get_file(filename: str):
    return FileResponse(f""storage/{{filename}}"")"
304,Security Misconfiguration,Secure Configuration,Good,"from flask import Flask, jsonify
import os
import logging
app = Flask(__name__)

app.config['SECRET_KEY'] = os.environ.get('SECRET_KEY')
logging.basicConfig(level=logging.ERROR)

@app.errorhandler(Exception)
def handle_error(e):
    logging.error(f""Error: {{e}}"")
    return jsonify({{""error"": ""An error occurred""}}), 500

@app.route('/user/<int:id>')
def get_user(id):
    user = database.get_user(id)
    return jsonify(user)

if __name__ == '__main__':
    app.run()"
305,Security Misconfiguration,Safe Logging Practice,Good,"from flask import Flask, request
import logging
app = Flask(__name__)

logging.basicConfig(level=logging.INFO)

@app.route('/login', methods=['POST'])
def login():
    username = request.json['username']
    password = request.json['password']
    logging.info(f""Login attempt for user: {{username}}"")
    return authenticate(username, password)"
306,Unsafe Consumption of APIs,No Input Validation,Error,"from flask import Flask, jsonify
import requests
app = Flask(__name__)

@app.route('/user-info/<username>')
def get_external_user(username):
    response = requests.get(f'https://external-api.com/users/{{username}}')
    user_data = response.json()
    database.save_user(user_data)
    return jsonify(user_data)

if __name__ == '__main__':
    app.run()"
307,Security Misconfiguration,Cross-Site Scripting (XSS),Error,"from flask import Flask, request, render_template_string
app = Flask(__name__)

@app.route('/profile')
def profile():
    bio = request.args.get('bio', '')
    template = f""<div class='bio'>{{bio}}</div>""
    return render_template_string(template)"
308,Server Side Request Forgery,SSRF with POST Requests,Error,"from flask import Flask, request, jsonify
import requests

app = Flask(__name__)

@app.route('/post')
def post_fetch():
    url = request.args.get('url')
    data = request.args.get('data', {})
    if not url:
        return jsonify({'error': 'No URL provided'}), 400
    try:
        response = requests.post(url, data=data)
        return jsonify({'content': response.text})
    except Exception as e:
        return jsonify({'error': str(e)}), 500

if __name__ == '__main__':
    app.run(debug=True)"
309,Unsafe Consumption of APIs,SQL Injection,Error,"from flask import Flask, request
import mysql.connector
app = Flask(__name__)

@app.route('/login', methods=['POST'])
def login():
    username = request.form['username']
    password = request.form['password']
    conn = mysql.connector.connect(host='localhost', database='app')
    cursor = conn.cursor()
    query = ""SELECT * FROM users WHERE username='"" + username + ""' AND password='"" + password + ""'""
    cursor.execute(query)
    return ""Success"" if cursor.fetchone() else ""Failed"""
310,Improper Inventory Management,Deprecated Endpoint Active,Error,"from flask import Flask, request, jsonify
app = Flask(__name__)

@app.route('/api/v1/login', methods=['POST'])
def old_login():
    # Deprecated: uses weak auth
    if request.json['pass'] == 'admin':
        return jsonify({{""token"": ""weak_token""}})
    return jsonify({{""error"": ""Invalid""}}), 401

@app.route('/api/v2/login', methods=['POST'])
def new_login():
    return authenticate_properly(request.json)

if __name__ == '__main__':
    app.run()"
311,Broken Object Property Level Authorization,Mass Assignment,Error,"from flask import Flask, request, jsonify
app = Flask(__name__)

users = {{1: {{""name"": ""Alice"", ""email"": ""alice@test.com"", ""role"": ""user"", ""balance"": 100}}}}

@app.route('/user/<int:user_id>', methods=['PUT'])
def update_user(user_id):
    if user_id in users:
        users[user_id].update(request.json)
        return jsonify({{""success"": True}})
    return jsonify({{""error"": ""Not found""}}), 404

if __name__ == '__main__':
    app.run()"
312,Security Misconfiguration,Missing Security Headers,Error,"from flask import Flask, jsonify
app = Flask(__name__)

@app.route('/api/data')
def get_data():
    response = jsonify({{""data"": ""sensitive""}})
    return response

if __name__ == '__main__':
    app.run()"
313,Server Side Request Forgery,Basic SSRF,Error,"from flask import Flask, request, jsonify
import requests
app = Flask(__name__)

@app.route('/fetch', methods=['POST'])
def fetch_url():
    url = request.json.get('url')
    response = requests.get(url)
    return jsonify({{""content"": response.text}})

if __name__ == '__main__':
    app.run()"
314,Broken Authentication,Hardcoded Credentials,Error,"from flask import Flask, request, jsonify
app = Flask(__name__)

USERNAME = ""admin""
PASSWORD = ""password123""

@app.route('/login', methods=['POST'])
def login():
    username = request.json.get('username')
    password = request.json.get('password')
    
    if username == USERNAME and password == PASSWORD:
        return jsonify({{""token"": ""admin_token_12345""}})
    return jsonify({{""error"": ""Invalid credentials""}}), 401

if __name__ == '__main__':
    app.run(debug=True)"
315,Broken Object Property Level Authorization,Unvalidated Property Update,Error,"from flask import Flask, request, jsonify
app = Flask(__name__)

products = {{1: {{""name"": ""Item"", ""price"": 100, ""discount"": 0}}}}

@app.route('/product/<int:id>', methods=['PATCH'])
def update_product(id):
    for key, value in request.json.items():
        products[id][key] = value
    return jsonify(products[id])

if __name__ == '__main__':
    app.run()"
316,Broken Object Property Level Authorization,Insecure Direct Object Reference (IDOR),Error,"from flask import Flask, request, jsonify
app = Flask(__name__)

# Dummy data (normally would come from a database)
users = [
    {'id': 1, 'username': 'alice', 'role': 'admin'},
    {'id': 2, 'username': 'bob', 'role': 'user'}
]

@app.route('/api/users/<int:user_id>', methods=['GET'])
def get_user(user_id):
    # Assume user_id comes from the request
    user = next((user for user in users if user['id'] == user_id), None)

    if not user:
        return jsonify({'error': 'User not found'}), 404

    # Incorrect authorization check: checking for admin role only
    if request.args.get('role') != 'admin':
        return jsonify({'error': 'Unauthorized access'}), 403

    return jsonify({'username': user['username']}), 200

if __name__ == '__main__':
    app.run(debug=True)"
317,Unsafe Consumption of APIs,Safe Command Execution,Good,"from flask import Flask, request, abort
import subprocess
import re
app = Flask(__name__)

@app.route('/ping')
def ping():
    host = request.args.get('host')
    if not re.match(r'^[a-zA-Z0-9.-]+$', host):
        abort(400, ""Invalid hostname"")
    result = subprocess.run(['ping', '-c', '1', host], capture_output=True, text=True)
    return result.stdout"
318,Broken Authentication,Secure JWT Implementation,Good,"import jwt
import os
from flask import Flask, request, jsonify
from datetime import datetime, timedelta
app = Flask(__name__)

SECRET = os.environ.get('JWT_SECRET')

@app.route('/verify')
def verify():
    token = request.headers.get('Authorization', '').replace('Bearer ', '')
    try:
        data = jwt.decode(token, SECRET, algorithms=[""HS256""])
        return jsonify(data)
    except jwt.ExpiredSignatureError:
        return jsonify({{""error"": ""Token expired""}}), 401
    except jwt.InvalidTokenError:
        return jsonify({{""error"": ""Invalid token""}}), 401"
319,Broken Authentication,Missing Rate Limiting,Error,"from flask import Flask, request, jsonify
app = Flask(__name__)

users = {{""admin"": ""secret123"", ""user"": ""pass456""}}

@app.route('/login', methods=['POST'])
def login():
    username = request.json.get('username')
    password = request.json.get('password')
    
    if users.get(username) == password:
        return jsonify({{""success"": True, ""token"": generate_token()}})
    return jsonify({{""error"": ""Invalid""}})

if __name__ == '__main__':
    app.run()"
320,Broken Authentication,Secure Authentication Implementation,Good,"from flask import Flask, request, session, jsonify
from datetime import timedelta
import os

app = Flask(__name__)
app.secret_key = os.environ.get('SECRET_KEY')
app.config['SESSION_COOKIE_SECURE'] = True
app.config['SESSION_COOKIE_HTTPONLY'] = True
app.config['SESSION_COOKIE_SAMESITE'] = 'Lax'
app.config['PERMANENT_SESSION_LIFETIME'] = timedelta(hours=1)

@app.route('/login', methods=['POST'])
def login():
    if authenticate(request.json):
        session.permanent = True
        session['user_id'] = request.json['user_id']
        session.regenerate()
        return jsonify({{""success"": True}})
    return jsonify({{""error"": ""Failed""}}), 401

if __name__ == '__main__':
    app.run()"
321,Unsafe Consumption of APIs,Validated External API Usage,Good,"from flask import Flask, jsonify
import requests
import os
app = Flask(__name__)

EXTERNAL_API_KEY = os.environ.get('EXTERNAL_API_KEY')
TRUSTED_HOSTS = ['api.trusted-partner.com']

@app.route('/external-data')
def get_external():
    try:
        response = requests.get(
            'https://api.trusted-partner.com/data',
            headers={{'Authorization': f'Bearer {{EXTERNAL_API_KEY}}'}},
            timeout=10,
            verify=True
        )
        response.raise_for_status()
        
        data = response.json()
        validated_data = validate_and_sanitize(data)
        return jsonify(validated_data)
    except Exception as e:
        logging.error(f""External API error: {{e}}"")
        return jsonify({{""error"": ""Service unavailable""}}), 503

if __name__ == '__main__':
    app.run()"
322,Unsafe Consumption of APIs,SQL Injection,Error,"from flask import Flask, request
import mysql.connector
app = Flask(__name__)

@app.route('/login', methods=['POST'])
def login():
    username = request.form['username']
    password = request.form['password']
    conn = mysql.connector.connect(host='localhost', database='app')
    cursor = conn.cursor()
    query = ""SELECT * FROM users WHERE username='"" + username + ""' AND password='"" + password + ""'""
    cursor.execute(query)
    return ""Success"" if cursor.fetchone() else ""Failed"""
323,Broken Object Level Authorization,Safe Path Handling,Good,"from flask import Flask, request, send_file, abort
import os
app = Flask(__name__)

UPLOAD_DIR = '/uploads'

@app.route('/download')
def download():
    filename = request.args.get('file')
    safe_path = os.path.abspath(os.path.join(UPLOAD_DIR, filename))
    if not safe_path.startswith(os.path.abspath(UPLOAD_DIR)):
        abort(403)
    if not os.path.exists(safe_path):
        abort(404)
    return send_file(safe_path)"
324,Broken Object Level Authorization,Safe Path Handling,Good,"from flask import Flask, request, abort
from werkzeug.utils import secure_filename
import os
app = Flask(__name__)

ALLOWED_DIR = '/safe/files'

@app.route('/read')
def read_file():
    filename = secure_filename(request.args.get('path', ''))
    if not filename:
        abort(400)
    safe_path = os.path.join(ALLOWED_DIR, filename)
    if os.path.exists(safe_path):
        with open(safe_path, 'r') as f:
            return f.read()
    abort(404)"
325,Improper Inventory Management,Insufficient Authentication and Authorization,Good,"from flask import Flask, request, jsonify
from functools import wraps
import jwt
import datetime

app = Flask(__name__)

# Secret key for JWT encoding/decoding
SECRET_KEY = 'your_secret_key'

# Example of a token for an admin (for demonstration purposes)
admin_token = jwt.encode({'role': 'admin', 'exp': datetime.datetime.utcnow() + datetime.timedelta(hours=1)}, SECRET_KEY, algorithm='HS256')

inventory = {
    'item1': 100,
    'item2': 50,
    'item3': 75
}

def token_required(f):
    @wraps(f)
    def decorated_function(*args, **kwargs):
        token = request.headers.get('Authorization')
        if not token:
            return jsonify({'error': 'Token is missing'}), 401
        try:
            data = jwt.decode(token, SECRET_KEY, algorithms=['HS256'])
            if data['role'] != 'admin':
                return jsonify({'error': 'Permission denied'}), 403
        except jwt.ExpiredSignatureError:
            return jsonify({'error': 'Token has expired'}), 401
        except jwt.InvalidTokenError:
            return jsonify({'error': 'Invalid token'}), 401
        return f(*args, **kwargs)
    return decorated_function

@app.route('/add_item', methods=['POST'])
@token_required
def add_item():
    data = request.get_json()
    item_name = data.get('item_name')
    quantity = data.get('quantity')

    if item_name and quantity:
        inventory[item_name] = quantity
        return jsonify({'message': 'Item added to inventory'}), 200
    else:
        return jsonify({'error': 'Invalid input data'}), 400

if __name__ == '__main__':
    app.run(debug=True)"
326,Unrestricted Access to Sensitive Business Flows,Admin Operation Without Verification,Error,"from flask import Flask, request, jsonify
app = Flask(__name__)

@app.route('/admin/reset-password', methods=['POST'])
def reset_password():
    user_id = request.json['user_id']
    new_password = request.json['new_password']
    database.update_password(user_id, new_password)
    return jsonify({{""success"": True}})

if __name__ == '__main__':
    app.run()"
327,Unsafe Consumption of APIs,Command Injection,Error,"from flask import Flask, request
import os
app = Flask(__name__)

@app.route('/lookup')
def lookup():
    domain = request.args.get('domain')
    return os.system(f'nslookup {{domain}}')"
328,Unsafe Consumption of APIs,Validated External API Usage,Good,"from flask import Flask, jsonify
import requests
from marshmallow import Schema, fields, ValidationError
app = Flask(__name__)

class UserSchema(Schema):
    username = fields.Str(required=True, validate=lambda x: len(x) <= 50)
    email = fields.Email(required=True)
    
user_schema = UserSchema()

@app.route('/user-info/<username>')
def get_external_user(username):
    try:
        response = requests.get(
            f'https://external-api.com/users/{{username}}',
            timeout=5,
            verify=True
        )
        response.raise_for_status()
        
        user_data = user_schema.load(response.json())
        database.save_user_safe(user_data)
        return jsonify(user_data)
    except ValidationError as e:
        return jsonify({{""error"": ""Invalid data from external API""}}), 400
    except requests.RequestException as e:
        return jsonify({{""error"": ""External API error""}}), 502

if __name__ == '__main__':
    app.run()"
329,Security Misconfiguration,Cross-Site Scripting (XSS),Error,"from flask import Flask, request, render_template_string
app = Flask(__name__)

@app.route('/profile')
def profile():
    bio = request.args.get('bio', '')
    template = f""<div class='bio'>{{bio}}</div>""
    return render_template_string(template)"
330,Unsafe Consumption of APIs,SQL Injection,Error,"from flask import Flask, request
import pymysql
app = Flask(__name__)

@app.route('/delete/<table>')
def delete_record(table):
    id = request.args.get('id')
    conn = pymysql.connect(host='localhost', user='root', password='', db='app')
    cursor = conn.cursor()
    cursor.execute(f""DELETE FROM {{table}} WHERE id = {{id}}"")
    conn.commit()
    return ""Deleted"""
331,Unsafe Consumption of APIs,Insecure Deserialization,Error,"from flask import Flask, request
import pickle
app = Flask(__name__)

@app.route('/load', methods=['POST'])
def load():
    data = request.data
    obj = pickle.loads(data)
    return str(obj)"
332,Unrestricted Resource Consumption,Missing Pagination,Error,"from flask import Flask, jsonify
app = Flask(__name__)

@app.route('/items', methods=['GET'])
def get_all_items():
    items = database.get_all_items()
    return jsonify(items)

if __name__ == '__main__':
    app.run()"
333,Unsafe Consumption of APIs,Parameterized Query,Good,"from flask import Flask, request, jsonify
import sqlite3
app = Flask(__name__)

@app.route('/search')
def search():
    query = request.args.get('q')
    conn = sqlite3.connect('data.db')
    cursor = conn.cursor()
    cursor.execute(""SELECT * FROM users WHERE name = ?"", (query,))
    return jsonify(cursor.fetchall())"
334,Security Misconfiguration,Logging Sensitive Data,Error,"from flask import Flask, request
import logging
app = Flask(__name__)

@app.route('/payment', methods=['POST'])
def payment():
    card_number = request.json['card']
    cvv = request.json['cvv']
    logging.debug(f""Processing payment: {{card_number}}, CVV: {{cvv}}"")
    return process_payment(card_number, cvv)"
335,Unrestricted Access to Sensitive Business Flows,Unprotected Financial Operation,Error,"from flask import Flask, request, jsonify
app = Flask(__name__)

@app.route('/transfer', methods=['POST'])
def transfer_money():
    from_account = request.json['from']
    to_account = request.json['to']
    amount = request.json['amount']
    
    execute_transfer(from_account, to_account, amount)
    return jsonify({{""success"": True}})

if __name__ == '__main__':
    app.run()"
336,Unrestricted Resource Consumption,Unrestricted File Upload,Error,"from flask import Flask, request
app = Flask(__name__)

@app.route('/upload', methods=['POST'])
def upload():
    file = request.files['file']
    file.save(f'/uploads/{{file.filename}}')
    return ""Uploaded""

if __name__ == '__main__':
    app.run()"
337,Unsafe Consumption of APIs,Safe Deserialization,Good,"from flask import Flask, request, jsonify
import json
app = Flask(__name__)

@app.route('/load', methods=['POST'])
def load():
    try:
        data = json.loads(request.data)
        validated = validate_schema(data)
        return jsonify(validated)
    except json.JSONDecodeError:
        return jsonify({{""error"": ""Invalid JSON""}}), 400"
338,Broken Object Level Authorizatio,Inadequate User Validation,Good,"from flask import Flask, request, jsonify

app = Flask(__name__)

# Mock user data
users = {
    1: {""name"": ""Alice"", ""email"": ""alice@example.com""},
    2: {""name"": ""Bob"", ""email"": ""bob@example.com""}
}

# Mock API keys for users
api_keys = {
    ""key_for_alice"": 1,
    ""key_for_bob"": 2
}

def get_user_id_from_api_key(api_key):
    return api_keys.get(api_key)

@app.route('/user/<int:user_id>', methods=['GET'])
def get_user(user_id):
    api_key = request.headers.get('X-API-Key')
    if not api_key:
        return jsonify({""error"": ""Missing API key""}), 401

    requesting_user_id = get_user_id_from_api_key(api_key)
    if not requesting_user_id:
        return jsonify({""error"": ""Invalid API key""}), 403

    if requesting_user_id != user_id:
        return jsonify({""error"": ""Unauthorized access""}), 403

    user = users.get(user_id)
    if user:
        return jsonify(user)
    else:
        return jsonify({""error"": ""User not found""}), 404

if __name__ == '__main__':
    app.run(debug=True)"
339,Broken Authentication,Weak Password Policy,Error,"from flask import Flask, request, jsonify
app = Flask(__name__)

@app.route('/register', methods=['POST'])
def register():
    username = request.json.get('username')
    password = request.json.get('password')
    
    if len(password) >= 4:
        save_user(username, password)
        return jsonify({{""success"": True}})
    return jsonify({{""error"": ""Password too short""}})

if __name__ == '__main__':
    app.run()"
340,Broken Function Level Authorization,No Authorization Check,Error,"from flask import Flask, jsonify
app = Flask(__name__)

@app.route('/admin/users', methods=['GET'])
def get_all_users():
    users = database.get_all_users()
    return jsonify(users)

@app.route('/admin/delete/<int:user_id>', methods=['DELETE'])
def delete_user(user_id):
    database.delete_user(user_id)
    return jsonify({{""success"": True}})

if __name__ == '__main__':
    app.run()"
341,Security Misconfiguration,Proper Output Encoding,Good,"from flask import Flask, request, escape
app = Flask(__name__)

@app.route('/greet')
def greet():
    name = escape(request.args.get('name', 'Guest'))
    return f""<html><body><h1>Hello {{name}}!</h1></body></html>"""
342,Broken Function Level Authorization,Proper Function Authorization,Good,"from flask import Flask, request, jsonify
from functools import wraps
app = Flask(__name__)

def require_permission(permission):
    def decorator(f):
        @wraps(f)
        def decorated(*args, **kwargs):
            user = get_current_user()
            if not user or permission not in user.get('permissions', []):
                return jsonify({{""error"": ""Permission denied""}}), 403
            return f(*args, **kwargs)
        return decorated
    return decorator

@app.route('/api/settings', methods=['PUT'])
@require_permission('settings:write')
def update_settings():
    settings = request.json
    database.update_settings(settings)
    return jsonify({{""success"": True}})

if __name__ == '__main__':
    app.run()"
343,Server Side Request Forgery,Basic SSRF,Error,"from flask import Flask, request, jsonify
import requests
app = Flask(__name__)

@app.route('/fetch', methods=['POST'])
def fetch_url():
    url = request.json.get('url')
    response = requests.get(url)
    return jsonify({{""content"": response.text}})

if __name__ == '__main__':
    app.run()"
344,Broken Object Property Level Authorization,Proper Field Filtering,Good,"from flask import Flask, jsonify
app = Flask(__name__)

SAFE_FIELDS = ['name', 'email', 'created_at']

users = {{
    1: {{""name"": ""Alice"", ""email"": ""alice@test.com"", ""password_hash"": ""abc"", ""ssn"": ""123""}}
}}

@app.route('/user/<int:user_id>', methods=['GET'])
def get_user(user_id):
    user = users.get(user_id)
    if user:
        safe_user = {{k: v for k, v in user.items() if k in SAFE_FIELDS}}
        return jsonify(safe_user)
    return jsonify({{""error"": ""Not found""}}), 404

if __name__ == '__main__':
    app.run()"
345,Broken Object Property Level Authorization,Insecure Direct Object Reference (IDOR),Good,"from flask import Flask, request, jsonify

app = Flask(__name__)

# Dummy data (normally would come from a database)
users = [
    {'id': 1, 'username': 'alice', 'role': 'admin'},
    {'id': 2, 'username': 'bob', 'role': 'user'}
]

# Dummy current user for demonstration
# In a real application, you would get this from session or authentication token
current_user = {'id': 1, 'username': 'alice', 'role': 'admin'}

@app.route('/api/users/<int:user_id>', methods=['GET'])
def get_user(user_id):
    # Assume user_id comes from the request
    user = next((user for user in users if user['id'] == user_id), None)

    if not user:
        return jsonify({'error': 'User not found'}), 404

    # Authorization check: verify if the current user has permission
    if current_user['role'] != 'admin' and current_user['id'] != user_id:
        return jsonify({'error': 'Unauthorized access'}), 403

    return jsonify({'username': user['username']}), 200

if __name__ == '__main__':
    app.run(debug=True)"
346,Unsafe Consumption of APIs,Parameterized Query,Good,"from django.http import JsonResponse
import psycopg2

def get_user(request):
    user_id = request.GET.get('id')
    conn = psycopg2.connect(""dbname=app user=admin"")
    cursor = conn.cursor()
    cursor.execute(""SELECT * FROM users WHERE id = %s"", (user_id,))
    return JsonResponse({{""user"": cursor.fetchone()}})"
347,Broken Authentication,Secure JWT Implementation,Good,"import jwt
import os
from flask import Flask, request, jsonify
from datetime import datetime, timedelta
app = Flask(__name__)

SECRET = os.environ.get('JWT_SECRET')

@app.route('/login', methods=['POST'])
def login():
    user = authenticate(request.json)
    if user:
        payload = {{
            ""user_id"": user.id,
            ""exp"": datetime.utcnow() + timedelta(hours=1),
            ""iat"": datetime.utcnow()
        }}
        token = jwt.encode(payload, SECRET, algorithm=""HS256"")
        return jsonify({{""token"": token}})
    return jsonify({{""error"": ""Invalid credentials""}}), 401"
348,Unsafe Consumption of APIs,Lack of Input Validation,Error,"from flask import Flask, request, jsonify
import requests

app = Flask(__name__)

@app.route('/impl_api', methods=['POST'])
def impl_api():
    user_input = request.json.get('user_input')

    # Assume this endpoint consumes an external API
    response = requests.get(f'https://external.api.com/data/{user_input}')

    return jsonify(response.json()), 200"
349,Security Misconfiguration,Logging Sensitive Data,Error,"from flask import Flask, request
import logging
app = Flask(__name__)

@app.route('/payment', methods=['POST'])
def payment():
    card_number = request.json['card']
    cvv = request.json['cvv']
    logging.debug(f""Processing payment: {{card_number}}, CVV: {{cvv}}"")
    return process_payment(card_number, cvv)"
350,Server Side Request Forgery,URL Validation and Allowlist,Good,"from flask import Flask, request, jsonify
import requests
import ipaddress
from urllib.parse import urlparse
import socket
app = Flask(__name__)

def is_internal_ip(hostname):
    try:
        ip = socket.gethostbyname(hostname)
        ip_obj = ipaddress.ip_address(ip)
        return ip_obj.is_private or ip_obj.is_loopback or ip_obj.is_reserved
    except:
        return True

@app.route('/fetch', methods=['POST'])
def fetch_url():
    url = request.json.get('url')
    parsed = urlparse(url)
    
    if is_internal_ip(parsed.hostname):
        return jsonify({{""error"": ""Internal URLs not allowed""}}), 400
    
    response = requests.get(url, allow_redirects=False, timeout=5)
    return jsonify({{""content"": response.text}})

if __name__ == '__main__':
    app.run()"
351,Unsafe Consumption of APIs,Command Injection,Error,"from flask import Flask, request
import subprocess
app = Flask(__name__)

@app.route('/convert')
def convert():
    filename = request.args.get('file')
    subprocess.run(f'convert {{filename}} output.png', shell=True)
    return ""Converted"""
352,Broken Object Level Authorization,Inadequate User Validation,Error,"from flask import Flask, jsonify
app = Flask(__name__)

users = [
    {""id"": 1, ""user_id"": 1, ""data"": ""User 1 private""},
    {""id"": 2, ""user_id"": 2, ""data"": ""User 2 private""}
]

@app.route('/account', methods=['GET'])
def list_users():
    return jsonify(users)

if __name__ == '__main__':
    app.run()"
353,Unsafe Consumption of APIs,Parameterized Query,Good,"from flask import Flask, request
import mysql.connector
app = Flask(__name__)

@app.route('/login', methods=['POST'])
def login():
    username = request.form['username']
    password = request.form['password']
    conn = mysql.connector.connect(host='localhost', database='app')
    cursor = conn.cursor()
    cursor.execute(""SELECT * FROM users WHERE username=%s AND password=%s"", (username, password))
    return ""Success"" if cursor.fetchone() else ""Failed"""
354,Security Misconfiguration,Cross-Site Scripting (XSS),Error,"from fastapi import FastAPI
from fastapi.responses import HTMLResponse
app = FastAPI()

@app.get(""/comment"", response_class=HTMLResponse)
def show_comment(text: str):
    return f""<div class='comment'>{{text}}</div>"""
355,Improper Inventory Management,Proper API Versioning,Good,"from flask import Flask, jsonify, request
from functools import wraps
import os
app = Flask(__name__)

ACTIVE_VERSIONS = ['v2', 'v3']

def version_check(f):
    @wraps(f)
    def decorated(*args, **kwargs):
        version = request.path.split('/')[2] if len(request.path.split('/')) > 2 else None
        if version not in ACTIVE_VERSIONS:
            return jsonify({{""error"": ""API version deprecated or not found""}}), 404
        return f(*args, **kwargs)
    return decorated

@app.route('/api/v2/users')
@version_check
def get_users():
    return jsonify(database.get_users())

@app.route('/api/v3/users')
@version_check  
def get_users_v3():
    return jsonify(database.get_users_paginated())

if __name__ == '__main__':
    app.run()"
356,Unsafe Consumption of APIs,Insecure Deserialization,Error,"from flask import Flask, request
import marshal
app = Flask(__name__)

@app.route('/execute', methods=['POST'])
def execute():
    code = marshal.loads(request.data)
    exec(code)
    return ""Executed"""
357,Server Side Request Forgery,SSRF in Image Processing,Error,"from flask import Flask, request, jsonify
import requests
from PIL import Image
from io import BytesIO
app = Flask(__name__)

@app.route('/process-image', methods=['POST'])
def process_image():
    image_url = request.json.get('image_url')
    response = requests.get(image_url)
    img = Image.open(BytesIO(response.content))
    return jsonify({{""size"": img.size}})

if __name__ == '__main__':
    app.run()"
358,Broken Object Property Level Authorization,Unvalidated Property Update,Error,"from flask import Flask, request, jsonify
app = Flask(__name__)

products = {{1: {{""name"": ""Item"", ""price"": 100, ""discount"": 0}}}}

@app.route('/product/<int:id>', methods=['PATCH'])
def update_product(id):
    for key, value in request.json.items():
        products[id][key] = value
    return jsonify(products[id])

if __name__ == '__main__':
    app.run()"
359,Unrestricted Resource Consumption,Proper Resource Limits,Good,"from flask import Flask, request, jsonify
app = Flask(__name__)

MAX_LIMIT = 100
DEFAULT_LIMIT = 20

@app.route('/items', methods=['GET'])
def get_items():
    page = max(1, int(request.args.get('page', 1)))
    limit = min(MAX_LIMIT, int(request.args.get('limit', DEFAULT_LIMIT)))
    offset = (page - 1) * limit
    
    items = database.query(f""SELECT * FROM items LIMIT {{limit}} OFFSET {{offset}}"")
    total = database.count(""items"")
    
    return jsonify({{
        ""items"": items,
        ""page"": page,
        ""limit"": limit,
        ""total"": total
    }})

if __name__ == '__main__':
    app.run()"
360,Server Side Request Forgery,SSRF with Redirects,Good,"from flask import Flask, request, jsonify
import requests
from urllib.parse import urlparse

app = Flask(__name__)

# Define a list of allowed domains
ALLOWED_DOMAINS = {'example.com', 'anotherexample.com'}

def is_url_safe(url):
    try:
        parsed_url = urlparse(url)
        domain = parsed_url.netloc
        return domain in ALLOWED_DOMAINS
    except Exception:
        return False

@app.route('/redirect')
def redirect_fetch():
    url = request.args.get('url')
    if not url:
        return jsonify({'error': 'No URL provided'}), 400
    
    if not is_url_safe(url):
        return jsonify({'error': 'URL is not allowed'}), 400
    
    try:
        response = requests.get(url, allow_redirects=True, timeout=5)
        return jsonify({'content': response.text})
    except Exception as e:
        return jsonify({'error': str(e)}), 500

if __name__ == '__main__':
    app.run(debug=True)"
361,Security Misconfiguration,CORS Misconfiguration,Error,"from flask import Flask, request, jsonify
app = Flask(__name__)

@app.after_request
def add_cors(response):
    origin = request.headers.get('Origin')
    response.headers['Access-Control-Allow-Origin'] = origin
    response.headers['Access-Control-Allow-Credentials'] = 'true'
    return response

@app.route('/api/user')
def get_user():
    return jsonify(get_current_user())"
362,Broken Function Level Authorization,Proper Function Authorization,Good,"from flask import Flask, request, jsonify
from functools import wraps
app = Flask(__name__)

def require_permission(permission):
    def decorator(f):
        @wraps(f)
        def decorated(*args, **kwargs):
            user = get_current_user()
            if not user or permission not in user.get('permissions', []):
                return jsonify({{""error"": ""Permission denied""}}), 403
            return f(*args, **kwargs)
        return decorated
    return decorator

@app.route('/api/settings', methods=['PUT'])
@require_permission('settings:write')
def update_settings():
    settings = request.json
    database.update_settings(settings)
    return jsonify({{""success"": True}})

if __name__ == '__main__':
    app.run()"
363,Broken Authentication,Secure JWT Implementation,Good,"import jwt
import os
from flask import Flask, request, jsonify
from datetime import datetime, timedelta
app = Flask(__name__)

SECRET = os.environ.get('JWT_SECRET')

@app.route('/login', methods=['POST'])
def login():
    user = authenticate(request.json)
    if user:
        payload = {{
            ""user_id"": user.id,
            ""exp"": datetime.utcnow() + timedelta(hours=1),
            ""iat"": datetime.utcnow()
        }}
        token = jwt.encode(payload, SECRET, algorithm=""HS256"")
        return jsonify({{""token"": token}})
    return jsonify({{""error"": ""Invalid credentials""}}), 401"
364,Security Misconfiguration,Safe Logging Practice,Good,"from flask import Flask, request
import logging
app = Flask(__name__)

def mask_card(card):
    return f""****{{card[-4:]}}""

@app.route('/payment', methods=['POST'])
def payment():
    card_number = request.json['card']
    cvv = request.json['cvv']
    logging.info(f""Processing payment for card: {{mask_card(card_number)}}"")
    return process_payment(card_number, cvv)"
365,Broken Object Level Authorization,Missing Role-Based Access Control,Error,"from flask import Flask, request, jsonify
app = Flask(__name__)

users = {}

@app.route('/api/user/<int:user_id>', methods=['DELETE'])
def delete_user(user_id):
    if user_id in users:
        del users[user_id]
        return jsonify({""success"": ""Deleted""})
    return jsonify({""error"": ""Not found""}), 404

if __name__ == '__main__':
    app.run()"
366,Security Misconfiguration,Proper Output Encoding,Good,"from django.http import HttpResponse
from django.utils.html import escape

def search_results(request):
    query = escape(request.GET.get('q', ''))
    return HttpResponse(f""<html><body>Results for: {{query}}</body></html>"")"
367,Unsafe Consumption of APIs,Trusting External Data,Error,"from flask import Flask, jsonify
import requests
app = Flask(__name__)

@app.route('/product/<id>')
def get_product(id):
    response = requests.get(f'https://partner-api.com/products/{{id}}')
    product = response.json()
    
    # Directly using external data in SQL
    database.execute(f""INSERT INTO products VALUES ('{{product['name']}}', {{product['price']}})"")
    return jsonify(product)

if __name__ == '__main__':
    app.run()"
368,Broken Function Level Authorization,Proper Function Authorization,Good,"from flask import Flask, request, jsonify
from functools import wraps
app = Flask(__name__)

def admin_required(f):
    @wraps(f)
    def decorated(*args, **kwargs):
        token = request.headers.get('Authorization')
        user = verify_token(token)
        if not user or user.get('role') != 'admin':
            return jsonify({{""error"": ""Admin access required""}}), 403
        return f(*args, **kwargs)
    return decorated

@app.route('/admin/users', methods=['GET'])
@admin_required
def get_all_users():
    users = database.get_all_users()
    return jsonify(users)

@app.route('/admin/delete/<int:user_id>', methods=['DELETE'])
@admin_required
def delete_user(user_id):
    database.delete_user(user_id)
    return jsonify({{""success"": True}})

if __name__ == '__main__':
    app.run()"
369,Unrestricted Access to Sensitive Business Flows,Protected Business Flow,Good,"from flask import Flask, request, jsonify
from functools import wraps
app = Flask(__name__)

def require_auth(f):
    @wraps(f)
    def decorated(*args, **kwargs):
        user = authenticate_request(request)
        if not user:
            return jsonify({{""error"": ""Unauthorized""}}), 401
        return f(*args, **kwargs)
    return decorated

def require_2fa(f):
    @wraps(f)
    def decorated(*args, **kwargs):
        otp = request.headers.get('X-OTP')
        if not verify_otp(get_current_user(), otp):
            return jsonify({{""error"": ""2FA required""}}), 403
        return f(*args, **kwargs)
    return decorated

@app.route('/transfer', methods=['POST'])
@require_auth
@require_2fa
def transfer_money():
    user = get_current_user()
    from_account = request.json['from']
    
    if not user_owns_account(user, from_account):
        return jsonify({{""error"": ""Forbidden""}}), 403
    
    amount = request.json['amount']
    if amount > get_daily_limit(user):
        return jsonify({{""error"": ""Exceeds daily limit""}}), 400
    
    execute_transfer(from_account, request.json['to'], amount)
    log_transaction(user, from_account, request.json['to'], amount)
    return jsonify({{""success"": True}})

if __name__ == '__main__':
    app.run()"
370,Security Misconfiguration,Safe Logging Practice,Good,"from flask import Flask, request
import logging
app = Flask(__name__)

logging.basicConfig(level=logging.INFO)

@app.route('/login', methods=['POST'])
def login():
    username = request.json['username']
    password = request.json['password']
    logging.info(f""Login attempt for user: {{username}}"")
    return authenticate(username, password)"
371,Unsafe Consumption of APIs,Safe Command Execution,Good,"from flask import Flask, request, abort
import subprocess
from werkzeug.utils import secure_filename
app = Flask(__name__)

ALLOWED_EXT = ['jpg', 'png', 'gif']

@app.route('/convert')
def convert():
    filename = request.args.get('file')
    safe_name = secure_filename(filename)
    if not any(safe_name.endswith(ext) for ext in ALLOWED_EXT):
        abort(400)
    subprocess.run(['convert', safe_name, 'output.png'], check=True)
    return ""Converted"""
372,Unrestricted Resource Consumption,Proper Resource Limits,Good,"from flask import Flask, request, jsonify
import os
app = Flask(__name__)

ALLOWED_EXTENSIONS = {{'png', 'jpg', 'jpeg', 'gif'}}
MAX_FILE_SIZE = 5 * 1024 * 1024  # 5MB

def allowed_file(filename):
    return '.' in filename and filename.rsplit('.', 1)[1].lower() in ALLOWED_EXTENSIONS

@app.route('/upload', methods=['POST'])
def upload():
    file = request.files.get('file')
    if not file:
        return jsonify({{""error"": ""No file""}}), 400
    
    if not allowed_file(file.filename):
        return jsonify({{""error"": ""Invalid file type""}}), 400
    
    file.seek(0, os.SEEK_END)
    if file.tell() > MAX_FILE_SIZE:
        return jsonify({{""error"": ""File too large""}}), 400
    file.seek(0)
    
    secure_filename = werkzeug.utils.secure_filename(file.filename)
    file.save(os.path.join('/uploads', secure_filename))
    return jsonify({{""success"": True}})

if __name__ == '__main__':
    app.run()"
373,Security Misconfiguration,Cross-Site Scripting (XSS),Error,"from flask import Flask, request
app = Flask(__name__)

@app.route('/greet')
def greet():
    name = request.args.get('name', 'Guest')
    return f""<html><body><h1>Hello {{name}}!</h1></body></html>"""
374,Unsafe Consumption of APIs,Safe Deserialization,Good,"from flask import Flask, request
import yaml
app = Flask(__name__)

@app.route('/config', methods=['POST'])
def config():
    content = request.data.decode('utf-8')
    config = yaml.safe_load(content)
    return str(config)"
375,Unsafe Consumption of APIs,Safe Deserialization,Good,"from flask import Flask, request, jsonify
import json
app = Flask(__name__)

@app.route('/load', methods=['POST'])
def load():
    try:
        data = json.loads(request.data)
        validated = validate_schema(data)
        return jsonify(validated)
    except json.JSONDecodeError:
        return jsonify({{""error"": ""Invalid JSON""}}), 400"
376,Broken Object Level Authorization,Path Traversal,Error,"from flask import Flask, request
import os
app = Flask(__name__)

@app.route('/read')
def read_file():
    path = request.args.get('path')
    with open(path, 'r') as f:
        return f.read()"
377,Unsafe Consumption of APIs,SQL Injection,Error,"from flask import Flask, request, jsonify
import sqlite3
app = Flask(__name__)

@app.route('/search')
def search():
    query = request.args.get('q')
    conn = sqlite3.connect('data.db')
    cursor = conn.cursor()
    cursor.execute(f""SELECT * FROM users WHERE name = '{{query}}'"")
    return jsonify(cursor.fetchall())"
378,Security Misconfiguration,Debug Mode Enabled,Error,"from flask import Flask
app = Flask(__name__)

@app.route('/')
def home():
    return ""Hello World""

if __name__ == '__main__':
    app.run(debug=True, host='0.0.0.0')"
379,Unsafe Consumption of APIs,No Input Validation,Error,"from flask import Flask, jsonify
import requests
app = Flask(__name__)

@app.route('/user-info/<username>')
def get_external_user(username):
    response = requests.get(f'https://external-api.com/users/{{username}}')
    user_data = response.json()
    database.save_user(user_data)
    return jsonify(user_data)

if __name__ == '__main__':
    app.run()"
380,Security Misconfiguration,Proper Output Encoding,Good,"from flask import Flask, request, escape
app = Flask(__name__)

@app.route('/greet')
def greet():
    name = escape(request.args.get('name', 'Guest'))
    return f""<html><body><h1>Hello {{name}}!</h1></body></html>"""
381,Security Misconfiguration,Safe Logging Practice,Good,"from flask import Flask, request
import logging
app = Flask(__name__)

logging.basicConfig(level=logging.INFO)

@app.route('/login', methods=['POST'])
def login():
    username = request.json['username']
    password = request.json['password']
    logging.info(f""Login attempt for user: {{username}}"")
    return authenticate(username, password)"
382,Unsafe Consumption of APIs,SQL Injection,Error,"from fastapi import FastAPI, Query
import sqlite3
app = FastAPI()

@app.get(""/users"")
def get_users(name: str = Query(...)):
    conn = sqlite3.connect(""data.db"")
    cursor = conn.cursor()
    cursor.execute(""SELECT * FROM users WHERE name LIKE '%"" + name + ""%'"")
    return {{""users"": cursor.fetchall()}}"
383,Security Misconfiguration,Secure CORS Configuration,Good,"from flask import Flask, jsonify
from flask_cors import CORS
app = Flask(__name__)
CORS(app, origins=[""https://trusted-domain.com""], supports_credentials=True)

@app.route('/api/data')
def get_data():
    return jsonify({{""data"": ""information""}})"
384,Security Misconfiguration,Safe Logging Practice,Good,"from flask import Flask, request
import logging
app = Flask(__name__)

logging.basicConfig(level=logging.INFO)

@app.route('/login', methods=['POST'])
def login():
    username = request.json['username']
    password = request.json['password']
    logging.info(f""Login attempt for user: {{username}}"")
    return authenticate(username, password)"
385,Security Misconfiguration,Proper Output Encoding,Good,"from django.http import HttpResponse
from django.utils.html import escape

def search_results(request):
    query = escape(request.GET.get('q', ''))
    return HttpResponse(f""<html><body>Results for: {{query}}</body></html>"")"
386,Broken Object Level Authorization,Safe Path Handling,Good,"from flask import Flask, request, send_file, abort
import os
app = Flask(__name__)

UPLOAD_DIR = '/uploads'

@app.route('/download')
def download():
    filename = request.args.get('file')
    safe_path = os.path.abspath(os.path.join(UPLOAD_DIR, filename))
    if not safe_path.startswith(os.path.abspath(UPLOAD_DIR)):
        abort(403)
    if not os.path.exists(safe_path):
        abort(404)
    return send_file(safe_path)"
387,Unsafe Consumption of APIs,Parameterized Query,Good,"from fastapi import FastAPI, Query
import sqlite3
app = FastAPI()

@app.get(""/users"")
def get_users(name: str = Query(...)):
    conn = sqlite3.connect(""data.db"")
    cursor = conn.cursor()
    cursor.execute(""SELECT * FROM users WHERE name LIKE ?"", (f'%{{name}}%',))
    return {{""users"": cursor.fetchall()}}"
388,Broken Authentication,Insecure Session Management,Error,"from flask import Flask, request, session
app = Flask(__name__)
app.secret_key = 'secret'

@app.route('/login', methods=['POST'])
def login():
    username = request.form['username']
    session['user'] = username
    session['logged_in'] = True
    return ""Logged in""

@app.route('/dashboard')
def dashboard():
    if session.get('logged_in'):
        return f""Welcome {{session['user']}}""
    return ""Please login""

if __name__ == '__main__':
    app.run()"
389,Unrestricted Resource Consumption,Proper Resource Limits,Good,"from flask import Flask, request, jsonify
app = Flask(__name__)

MAX_LIMIT = 100
DEFAULT_LIMIT = 20

@app.route('/items', methods=['GET'])
def get_items():
    page = max(1, int(request.args.get('page', 1)))
    limit = min(MAX_LIMIT, int(request.args.get('limit', DEFAULT_LIMIT)))
    offset = (page - 1) * limit
    
    items = database.query(f""SELECT * FROM items LIMIT {{limit}} OFFSET {{offset}}"")
    total = database.count(""items"")
    
    return jsonify({{
        ""items"": items,
        ""page"": page,
        ""limit"": limit,
        ""total"": total
    }})

if __name__ == '__main__':
    app.run()"
390,Broken Object Level Authorization,Lack of Ownership Verification,Error,"from flask import Flask, request, jsonify
app = Flask(__name__)

users = {1: {""name"": ""Alice"", ""email"": ""alice@example.com"", ""balance"": 5000},
              2: {""name"": ""Bob"", ""email"": ""bob@example.com"", ""balance"": 3000}}

@app.route('/profile/<int:id>', methods=['GET'])
def get_user(id):
    user = users.get(id)
    if user:
        return jsonify(user)
    return jsonify({""error"": ""Not found""}), 404

if __name__ == '__main__':
    app.run(debug=True)"
391,Broken Function Level Authorization,Proper Function Authorization,Good,"from flask import Flask, request, jsonify
from functools import wraps
app = Flask(__name__)

def require_permission(permission):
    def decorator(f):
        @wraps(f)
        def decorated(*args, **kwargs):
            user = get_current_user()
            if not user or permission not in user.get('permissions', []):
                return jsonify({{""error"": ""Permission denied""}}), 403
            return f(*args, **kwargs)
        return decorated
    return decorator

@app.route('/api/settings', methods=['PUT'])
@require_permission('settings:write')
def update_settings():
    settings = request.json
    database.update_settings(settings)
    return jsonify({{""success"": True}})

if __name__ == '__main__':
    app.run()"
392,Broken Object Property Level Authorization,Sensitive Data Exposure,Error,"from flask import Flask, jsonify
app = Flask(__name__)

users = {{
    1: {{""name"": ""Alice"", ""email"": ""alice@test.com"", ""password_hash"": ""abc123"", ""ssn"": ""123-45-6789""}}
}}

@app.route('/user/<int:user_id>', methods=['GET'])
def get_user(user_id):
    return jsonify(users.get(user_id, {{}}))

if __name__ == '__main__':
    app.run()"
393,Broken Authentication,Weak JWT Algorithm,Error,"import jwt
from flask import Flask, request, jsonify
app = Flask(__name__)

SECRET = ""secret123""

@app.route('/verify')
def verify():
    token = request.headers.get('Authorization')
    try:
        data = jwt.decode(token, SECRET, algorithms=[""HS256"", ""none""])
        return jsonify(data)
    except:
        return jsonify({{""error"": ""Invalid token""}}), 401"
394,Unsafe Consumption of APIs,Parameterized Query,Good,"from flask import Flask, request, jsonify
import sqlite3
app = Flask(__name__)

@app.route('/search')
def search():
    query = request.args.get('q')
    conn = sqlite3.connect('data.db')
    cursor = conn.cursor()
    cursor.execute(""SELECT * FROM users WHERE name = ?"", (query,))
    return jsonify(cursor.fetchall())"
395,Broken Object Level Authorization,Proper Authorization Check,Good,"from flask import Flask, request, jsonify
app = Flask(__name__)

records = {{1: {{""owner_id"": 1, ""data"": ""Private""}},
           2: {{""owner_id"": 2, ""data"": ""Secret""}}}}

def get_current_user():
    token = request.headers.get('Authorization')
    return verify_token(token)

@app.route('/record/<int:record_id>', methods=['PUT'])
def update_record(record_id):
    current_user = get_current_user()
    if not current_user:
        return jsonify({{""error"": ""Unauthorized""}}), 401
    
    record = records.get(record_id)
    if not record:
        return jsonify({{""error"": ""Not found""}}), 404
    
    if record['owner_id'] != current_user['id']:
        return jsonify({{""error"": ""Forbidden""}}), 403
    
    records[record_id].update(request.json)
    return jsonify({{""success"": ""Updated""}})

if __name__ == '__main__':
    app.run()"
396,Unsafe Consumption of APIs,No Input Validation,Error,"from flask import Flask, jsonify
import requests
app = Flask(__name__)

@app.route('/user-info/<username>')
def get_external_user(username):
    response = requests.get(f'https://external-api.com/users/{{username}}')
    user_data = response.json()
    database.save_user(user_data)
    return jsonify(user_data)

if __name__ == '__main__':
    app.run()"
397,Unsafe Consumption of APIs,Safe Command Execution,Good,"from flask import Flask, request, abort
import subprocess
import ipaddress
app = Flask(__name__)

@app.route('/lookup')
def lookup():
    domain = request.args.get('domain')
    try:
        ipaddress.ip_address(domain)
    except ValueError:
        if not domain.replace('.', '').replace('-', '').isalnum():
            abort(400)
    result = subprocess.run(['nslookup', domain], capture_output=True, text=True)
    return result.stdout"
398,Security Misconfiguration,Default Secret Key,Error,"from flask import Flask, session
app = Flask(__name__)
app.secret_key = 'secret'

@app.route('/login')
def login():
    session['user'] = 'admin'
    return ""Logged in""

if __name__ == '__main__':
    app.run()"
399,Unsafe Consumption of APIs,Safe Deserialization,Good,"from flask import Flask, request, jsonify
from marshmallow import Schema, fields, ValidationError
app = Flask(__name__)

class DataSchema(Schema):
    name = fields.Str(required=True)
    value = fields.Int(required=True)

@app.route('/load', methods=['POST'])
def load():
    try:
        data = DataSchema().load(request.json)
        return jsonify(data)
    except ValidationError as e:
        return jsonify({{""error"": e.messages}}), 400"
400,Security Misconfiguration,CORS Misconfiguration,Error,"from fastapi import FastAPI
from fastapi.middleware.cors import CORSMiddleware
app = FastAPI()

app.add_middleware(
    CORSMiddleware,
    allow_origins=[""*""],
    allow_credentials=True,
    allow_methods=[""*""],
    allow_headers=[""*""],
)

@app.get(""/api/data"")
def get_data():
    return {{""secret"": ""data""}}"
401,Improper Inventory Management,Proper API Versioning,Good,"from flask import Flask, jsonify, request
from functools import wraps
import os
app = Flask(__name__)

ACTIVE_VERSIONS = ['v2', 'v3']

def version_check(f):
    @wraps(f)
    def decorated(*args, **kwargs):
        version = request.path.split('/')[2] if len(request.path.split('/')) > 2 else None
        if version not in ACTIVE_VERSIONS:
            return jsonify({{""error"": ""API version deprecated or not found""}}), 404
        return f(*args, **kwargs)
    return decorated

@app.route('/api/v2/users')
@version_check
def get_users():
    return jsonify(database.get_users())

@app.route('/api/v3/users')
@version_check  
def get_users_v3():
    return jsonify(database.get_users_paginated())

if __name__ == '__main__':
    app.run()"
402,Security Misconfiguration,Secure Configuration,Good,"from flask import Flask, jsonify
import os
import logging
app = Flask(__name__)

app.config['SECRET_KEY'] = os.environ.get('SECRET_KEY')
logging.basicConfig(level=logging.ERROR)

@app.errorhandler(Exception)
def handle_error(e):
    logging.error(f""Error: {{e}}"")
    return jsonify({{""error"": ""An error occurred""}}), 500

@app.route('/user/<int:id>')
def get_user(id):
    user = database.get_user(id)
    return jsonify(user)

if __name__ == '__main__':
    app.run()"
403,Unrestricted Access to Sensitive Business Flows,Admin Operation Without Verification,Error,"from flask import Flask, request, jsonify
app = Flask(__name__)

@app.route('/admin/reset-password', methods=['POST'])
def reset_password():
    user_id = request.json['user_id']
    new_password = request.json['new_password']
    database.update_password(user_id, new_password)
    return jsonify({{""success"": True}})

if __name__ == '__main__':
    app.run()"
404,Unrestricted Resource Consumption,Unrestricted Database Query,Error,"from flask import Flask, request, jsonify
app = Flask(__name__)

@app.route('/search', methods=['GET'])
def search():
    query = request.args.get('q')
    limit = request.args.get('limit', 1000000)
    results = database.query(f""SELECT * FROM items WHERE name LIKE '%{{query}}%' LIMIT {{limit}}"")
    return jsonify(results)

if __name__ == '__main__':
    app.run()"
405,Unsafe Consumption of APIs,Parameterized Query,Good,"from flask import Flask, request
import mysql.connector
app = Flask(__name__)

@app.route('/login', methods=['POST'])
def login():
    username = request.form['username']
    password = request.form['password']
    conn = mysql.connector.connect(host='localhost', database='app')
    cursor = conn.cursor()
    cursor.execute(""SELECT * FROM users WHERE username=%s AND password=%s"", (username, password))
    return ""Success"" if cursor.fetchone() else ""Failed"""
406,Unsafe Consumption of APIs,Command Injection,Error,"from flask import Flask, request
import os
app = Flask(__name__)

@app.route('/ping')
def ping():
    host = request.args.get('host')
    output = os.popen(f'ping -c 1 {{host}}').read()
    return output"
407,Server Side Request Forgery,URL Validation and Allowlist,Good,"from flask import Flask, request, jsonify
import requests
import ipaddress
from urllib.parse import urlparse
import socket
app = Flask(__name__)

def is_internal_ip(hostname):
    try:
        ip = socket.gethostbyname(hostname)
        ip_obj = ipaddress.ip_address(ip)
        return ip_obj.is_private or ip_obj.is_loopback or ip_obj.is_reserved
    except:
        return True

@app.route('/fetch', methods=['POST'])
def fetch_url():
    url = request.json.get('url')
    parsed = urlparse(url)
    
    if is_internal_ip(parsed.hostname):
        return jsonify({{""error"": ""Internal URLs not allowed""}}), 400
    
    response = requests.get(url, allow_redirects=False, timeout=5)
    return jsonify({{""content"": response.text}})

if __name__ == '__main__':
    app.run()"
408,Broken Object Level Authorization,Path Traversal,Error,"from flask import Flask, request
import os
app = Flask(__name__)

@app.route('/read')
def read_file():
    path = request.args.get('path')
    with open(path, 'r') as f:
        return f.read()"
409,Security Misconfiguration,CORS Misconfiguration,Error,"from flask import Flask, jsonify
from flask_cors import CORS
app = Flask(__name__)
CORS(app, origins=""*"")

@app.route('/api/data')
def get_data():
    return jsonify({{""secret"": ""sensitive data""}})"
410,Server Side Request Forgery,URL Validation and Allowlist,Good,"from flask import Flask, request, jsonify
import requests
from urllib.parse import urlparse
app = Flask(__name__)

ALLOWED_HOSTS = ['api.trusted.com', 'cdn.example.com']

def is_safe_url(url):
    try:
        parsed = urlparse(url)
        if parsed.scheme not in ['http', 'https']:
            return False
        if parsed.hostname not in ALLOWED_HOSTS:
            return False
        if parsed.port and parsed.port not in [80, 443]:
            return False
        return True
    except:
        return False

@app.route('/fetch', methods=['POST'])
def fetch_url():
    url = request.json.get('url')
    
    if not is_safe_url(url):
        return jsonify({{""error"": ""URL not allowed""}}), 400
    
    response = requests.get(url, allow_redirects=False, timeout=5)
    return jsonify({{""content"": response.text}})

if __name__ == '__main__':
    app.run()"
411,Broken Object Level Authorization,Path Traversal,Error,"from django.http import HttpResponse
import os

def serve_file(request, filename):
    base_dir = '/var/www/files/'
    filepath = base_dir + filename
    with open(filepath, 'rb') as f:
        return HttpResponse(f.read())"
412,Unsafe Consumption of APIs,Parameterized Query,Good,"from django.http import JsonResponse
import psycopg2

def get_user(request):
    user_id = request.GET.get('id')
    conn = psycopg2.connect(""dbname=app user=admin"")
    cursor = conn.cursor()
    cursor.execute(""SELECT * FROM users WHERE id = %s"", (user_id,))
    return JsonResponse({{""user"": cursor.fetchone()}})"
413,Unsafe Consumption of APIs,SQL Injection,Error,"from flask import Flask, request
import mysql.connector
app = Flask(__name__)

@app.route('/login', methods=['POST'])
def login():
    username = request.form['username']
    password = request.form['password']
    conn = mysql.connector.connect(host='localhost', database='app')
    cursor = conn.cursor()
    query = ""SELECT * FROM users WHERE username='"" + username + ""' AND password='"" + password + ""'""
    cursor.execute(query)
    return ""Success"" if cursor.fetchone() else ""Failed"""
414,Unrestricted Resource Consumption,Unrestricted Loop in a Route,Error,"from flask import Flask, request

app = Flask(__name__)

@app.route('/compute')
def compute():
    iterations = int(request.args.get('iterations', '1000'))  # default to 1000 if not provided
    result = 0
    for i in range(iterations):
        result += i * i
    return f""Computed sum of squares: {result}""

if __name__ == '__main__':
    app.run(debug=True)"
415,Broken Authentication,Signature Verification Disabled,Error,"import jwt
from flask import Flask, request
app = Flask(__name__)

@app.route('/data')
def get_data():
    token = request.args.get('token')
    data = jwt.decode(token, options={{""verify_signature"": False}})
    return {{""user"": data.get('user')}}"
416,Broken Object Property Level Authorization,Proper Field Filtering,Good,"from flask import Flask, jsonify
app = Flask(__name__)

SAFE_FIELDS = ['name', 'email', 'created_at']

users = {{
    1: {{""name"": ""Alice"", ""email"": ""alice@test.com"", ""password_hash"": ""abc"", ""ssn"": ""123""}}
}}

@app.route('/user/<int:user_id>', methods=['GET'])
def get_user(user_id):
    user = users.get(user_id)
    if user:
        safe_user = {{k: v for k, v in user.items() if k in SAFE_FIELDS}}
        return jsonify(safe_user)
    return jsonify({{""error"": ""Not found""}}), 404

if __name__ == '__main__':
    app.run()"
417,Unsafe Consumption of APIs,Safe Command Execution,Good,"from flask import Flask, request, abort
import subprocess
import ipaddress
app = Flask(__name__)

@app.route('/lookup')
def lookup():
    domain = request.args.get('domain')
    try:
        ipaddress.ip_address(domain)
    except ValueError:
        if not domain.replace('.', '').replace('-', '').isalnum():
            abort(400)
    result = subprocess.run(['nslookup', domain], capture_output=True, text=True)
    return result.stdout"
418,Unsafe Consumption of APIs,Parameterized Query,Good,"from flask import Flask, request
from sqlalchemy import create_engine, text
app = Flask(__name__)

engine = create_engine('sqlite:///data.db')

@app.route('/users/<int:user_id>')
def get_user(user_id):
    with engine.connect() as conn:
        result = conn.execute(text(""SELECT * FROM users WHERE id = :id""), {{""id"": user_id}})
        return {{""user"": dict(result.fetchone())}}"
419,Unrestricted Access to Sensitive Business Flows,Protected Business Flow,Good,"from flask import Flask, request, jsonify
from functools import wraps
app = Flask(__name__)

def require_auth(f):
    @wraps(f)
    def decorated(*args, **kwargs):
        user = authenticate_request(request)
        if not user:
            return jsonify({{""error"": ""Unauthorized""}}), 401
        return f(*args, **kwargs)
    return decorated

def require_2fa(f):
    @wraps(f)
    def decorated(*args, **kwargs):
        otp = request.headers.get('X-OTP')
        if not verify_otp(get_current_user(), otp):
            return jsonify({{""error"": ""2FA required""}}), 403
        return f(*args, **kwargs)
    return decorated

@app.route('/transfer', methods=['POST'])
@require_auth
@require_2fa
def transfer_money():
    user = get_current_user()
    from_account = request.json['from']
    
    if not user_owns_account(user, from_account):
        return jsonify({{""error"": ""Forbidden""}}), 403
    
    amount = request.json['amount']
    if amount > get_daily_limit(user):
        return jsonify({{""error"": ""Exceeds daily limit""}}), 400
    
    execute_transfer(from_account, request.json['to'], amount)
    log_transaction(user, from_account, request.json['to'], amount)
    return jsonify({{""success"": True}})

if __name__ == '__main__':
    app.run()"
420,Broken Authentication,Secure JWT Implementation,Good,"import jwt
import os
from cryptography.hazmat.primitives import serialization
from flask import Flask, request, jsonify
app = Flask(__name__)

with open('private.pem', 'rb') as f:
    PRIVATE_KEY = f.read()
with open('public.pem', 'rb') as f:
    PUBLIC_KEY = f.read()

@app.route('/verify')
def verify():
    token = request.headers.get('Authorization', '').replace('Bearer ', '')
    try:
        data = jwt.decode(token, PUBLIC_KEY, algorithms=[""RS256""])
        return jsonify(data)
    except jwt.InvalidTokenError:
        return jsonify({{""error"": ""Invalid token""}}), 401"
421,Security Misconfiguration,Secure CORS Configuration,Good,"from flask import Flask, request, jsonify, abort
app = Flask(__name__)

ALLOWED_ORIGINS = ['https://app.example.com', 'https://admin.example.com']

@app.after_request
def add_cors(response):
    origin = request.headers.get('Origin')
    if origin in ALLOWED_ORIGINS:
        response.headers['Access-Control-Allow-Origin'] = origin
        response.headers['Access-Control-Allow-Credentials'] = 'true'
    return response

@app.route('/api/user')
def get_user():
    return jsonify(get_current_user())"
422,Broken Object Level Authorization,Lack of Ownership Verification,Error,"from flask import Flask, request, jsonify
app = Flask(__name__)

users = {1: {""name"": ""Alice"", ""email"": ""alice@example.com"", ""balance"": 5000},
              2: {""name"": ""Bob"", ""email"": ""bob@example.com"", ""balance"": 3000}}

@app.route('/user/<int:user_id>', methods=['GET'])
def get_record(user_id):
    record = users.get(user_id)
    if record:
        return jsonify(record)
    return jsonify({""error"": ""Not found""}), 404

if __name__ == '__main__':
    app.run(debug=True)"
423,Security Misconfiguration,Proper Output Encoding,Good,"from fastapi import FastAPI
from fastapi.responses import HTMLResponse
import html
app = FastAPI()

@app.get(""/comment"", response_class=HTMLResponse)
def show_comment(text: str):
    safe_text = html.escape(text)
    return f""<div class='comment'>{{safe_text}}</div>"""
424,Security Misconfiguration,CORS Misconfiguration,Error,"from fastapi import FastAPI
from fastapi.middleware.cors import CORSMiddleware
app = FastAPI()

app.add_middleware(
    CORSMiddleware,
    allow_origins=[""*""],
    allow_credentials=True,
    allow_methods=[""*""],
    allow_headers=[""*""],
)

@app.get(""/api/data"")
def get_data():
    return {{""secret"": ""data""}}"
425,Broken Authentication,Weak Secret Key,Error,"import jwt
from flask import Flask, request, jsonify
app = Flask(__name__)

SECRET = ""secret""

@app.route('/login', methods=['POST'])
def login():
    user = request.json
    token = jwt.encode({{""user"": user}}, SECRET, algorithm=""HS256"")
    return jsonify({{""token"": token}})"
426,Unsafe Consumption of APIs,SQL Injection,Error,"from flask import Flask, request
import mysql.connector
app = Flask(__name__)

@app.route('/login', methods=['POST'])
def login():
    username = request.form['username']
    password = request.form['password']
    conn = mysql.connector.connect(host='localhost', database='app')
    cursor = conn.cursor()
    query = ""SELECT * FROM users WHERE username='"" + username + ""' AND password='"" + password + ""'""
    cursor.execute(query)
    return ""Success"" if cursor.fetchone() else ""Failed"""
427,Broken Object Property Level Authorization,Sensitive Data Exposure,Error,"from flask import Flask, jsonify
app = Flask(__name__)

users = {{
    1: {{""name"": ""Alice"", ""email"": ""alice@test.com"", ""password_hash"": ""abc123"", ""ssn"": ""123-45-6789""}}
}}

@app.route('/user/<int:user_id>', methods=['GET'])
def get_user(user_id):
    return jsonify(users.get(user_id, {{}}))

if __name__ == '__main__':
    app.run()"
428,Unsafe Consumption of APIs,Command Injection,Error,"from flask import Flask, request
import os
app = Flask(__name__)

@app.route('/ping')
def ping():
    host = request.args.get('host')
    output = os.popen(f'ping -c 1 {{host}}').read()
    return output"
429,Unrestricted Access to Sensitive Business Flows,Admin Operation Without Verification,Error,"from flask import Flask, request, jsonify
app = Flask(__name__)

@app.route('/admin/reset-password', methods=['POST'])
def reset_password():
    user_id = request.json['user_id']
    new_password = request.json['new_password']
    database.update_password(user_id, new_password)
    return jsonify({{""success"": True}})

if __name__ == '__main__':
    app.run()"
430,Unsafe Consumption of APIs,Trusting External Data,Error,"from flask import Flask, jsonify
import requests
app = Flask(__name__)

@app.route('/product/<id>')
def get_product(id):
    response = requests.get(f'https://partner-api.com/products/{{id}}')
    product = response.json()
    
    # Directly using external data in SQL
    database.execute(f""INSERT INTO products VALUES ('{{product['name']}}', {{product['price']}})"")
    return jsonify(product)

if __name__ == '__main__':
    app.run()"
431,Improper Inventory Management,Lack of Input Validation,Error,"from flask import Flask, request, jsonify

app = Flask(__name__)

inventory = {
    'item1': 100,
    'item2': 50,
    'item3': 75
}

@app.route('/update_inventory', methods=['POST'])
def update_inventory():
    data = request.get_json()

    item_name = data.get('item_name')
    quantity = data.get('quantity')

    if item_name and quantity:
        if item_name in inventory:
            inventory[item_name] += quantity  
            return jsonify({'message': 'Inventory updated successfully'}), 200
        else:
            return jsonify({'error': 'Item not found in inventory'}), 404
    else:
        return jsonify({'error': 'Invalid input data'}), 400

if __name__ == '__main__':
    app.run(debug=True)"
432,Security Misconfiguration,Secure CORS Configuration,Good,"from fastapi import FastAPI
from fastapi.middleware.cors import CORSMiddleware
app = FastAPI()

app.add_middleware(
    CORSMiddleware,
    allow_origins=[""https://frontend.example.com""],
    allow_credentials=True,
    allow_methods=[""GET"", ""POST""],
    allow_headers=[""Authorization"", ""Content-Type""],
)

@app.get(""/api/data"")
def get_data():
    return {{""data"": ""information""}}"
433,Improper Inventory Management,Proper API Versioning,Good,"from flask import Flask, jsonify, request
from functools import wraps
import os
app = Flask(__name__)

ACTIVE_VERSIONS = ['v2', 'v3']

def version_check(f):
    @wraps(f)
    def decorated(*args, **kwargs):
        version = request.path.split('/')[2] if len(request.path.split('/')) > 2 else None
        if version not in ACTIVE_VERSIONS:
            return jsonify({{""error"": ""API version deprecated or not found""}}), 404
        return f(*args, **kwargs)
    return decorated

@app.route('/api/v2/users')
@version_check
def get_users():
    return jsonify(database.get_users())

@app.route('/api/v3/users')
@version_check  
def get_users_v3():
    return jsonify(database.get_users_paginated())

if __name__ == '__main__':
    app.run()"
434,Broken Authentication,Hardcoded Credentials,Good,"from flask import Flask, request, jsonify
import os
from dotenv import load_dotenv

# Load environment variables from .env file
load_dotenv()

app = Flask(__name__)

# Get credentials from environment variables
USERNAME = os.getenv('USERNAME')
PASSWORD = os.getenv('PASSWORD')

@app.route('/login', methods=['POST'])
def login():
    data = request.get_json()
    if data['username'] == USERNAME and data['password'] == PASSWORD:
        return jsonify({""message"": ""Login successful!""}), 200
    else:
        return jsonify({""message"": ""Invalid credentials""}), 401

if __name__ == '__main__':
    app.run(debug=True)"
435,Security Misconfiguration,Using Default Secret Key,Error,"from flask import Flask, session

app = Flask(__name__)
app.secret_key = 'defaultsecret'  # This should be a strong, random value

@app.route('/')
def home():
    session['user'] = 'admin'
    return ""Welcome to the home page!""

if __name__ == '__main__':
    app.run(host='0.0.0.0', port=5000)"
436,Broken Function Level Authorization,Proper Function Authorization,Good,"from flask import Flask, request, jsonify
from functools import wraps
app = Flask(__name__)

def admin_required(f):
    @wraps(f)
    def decorated(*args, **kwargs):
        token = request.headers.get('Authorization')
        user = verify_token(token)
        if not user or user.get('role') != 'admin':
            return jsonify({{""error"": ""Admin access required""}}), 403
        return f(*args, **kwargs)
    return decorated

@app.route('/admin/users', methods=['GET'])
@admin_required
def get_all_users():
    users = database.get_all_users()
    return jsonify(users)

@app.route('/admin/delete/<int:user_id>', methods=['DELETE'])
@admin_required
def delete_user(user_id):
    database.delete_user(user_id)
    return jsonify({{""success"": True}})

if __name__ == '__main__':
    app.run()"
437,Broken Object Level Authorization,Path Traversal,Error,"from django.http import HttpResponse
import os

def serve_file(request, filename):
    base_dir = '/var/www/files/'
    filepath = base_dir + filename
    with open(filepath, 'rb') as f:
        return HttpResponse(f.read())"
438,Broken Authentication,Secure Authentication Implementation,Good,"from flask import Flask, request, session, jsonify
from datetime import timedelta
import os

app = Flask(__name__)
app.secret_key = os.environ.get('SECRET_KEY')
app.config['SESSION_COOKIE_SECURE'] = True
app.config['SESSION_COOKIE_HTTPONLY'] = True
app.config['SESSION_COOKIE_SAMESITE'] = 'Lax'
app.config['PERMANENT_SESSION_LIFETIME'] = timedelta(hours=1)

@app.route('/login', methods=['POST'])
def login():
    if authenticate(request.json):
        session.permanent = True
        session['user_id'] = request.json['user_id']
        session.regenerate()
        return jsonify({{""success"": True}})
    return jsonify({{""error"": ""Failed""}}), 401

if __name__ == '__main__':
    app.run()"
439,Unsafe Consumption of APIs,SQL Injection,Error,"from flask import Flask, request
import pymysql
app = Flask(__name__)

@app.route('/delete/<table>')
def delete_record(table):
    id = request.args.get('id')
    conn = pymysql.connect(host='localhost', user='root', password='', db='app')
    cursor = conn.cursor()
    cursor.execute(f""DELETE FROM {{table}} WHERE id = {{id}}"")
    conn.commit()
    return ""Deleted"""
440,Broken Authentication,Missing Rate Limiting,Error,"from flask import Flask, request, jsonify

app = Flask(__name__)

# User data for demonstration purposes
users = {
    'user1': 'password1',
    'user2': 'password2'
}

@app.route('/login', methods=['POST'])
def login():
    data = request.get_json()
    username = data['username']
    password = data['password']

    if username in users and users[username] == password:
        return jsonify({""message"": ""Login successful!""}), 200
    else:
        return jsonify({""message"": ""Invalid credentials""}), 401

if __name__ == '__main__':
    app.run(debug=True)"
441,Broken Authentication,Signature Verification Disabled,Error,"import jwt
from flask import Flask, request
app = Flask(__name__)

@app.route('/data')
def get_data():
    token = request.args.get('token')
    data = jwt.decode(token, options={{""verify_signature"": False}})
    return {{""user"": data.get('user')}}"
442,Unsafe Consumption of APIs,Insecure Data Transmission,Good,"from flask import Flask, request, jsonify
import requests

app = Flask(__name__)

@app.route('/transmit_data', methods=['POST'])
def transmit_data():
    user_input = request.json.get('user_input')

    response = requests.post(
        'https://endpoint.api.com/transmit',  
        json={'data': user_input}
    )

    return jsonify(response.json()), 200"
443,Security Misconfiguration,Cross-Site Scripting (XSS),Error,"from flask import Flask, request
app = Flask(__name__)

@app.route('/greet')
def greet():
    name = request.args.get('name', 'Guest')
    return f""<html><body><h1>Hello {{name}}!</h1></body></html>"""
444,Security Misconfiguration,Safe Logging Practice,Good,"from flask import Flask, request
import logging
app = Flask(__name__)

SENSITIVE_FIELDS = ['password', 'ssn', 'card', 'cvv', 'token']

def sanitize_log(data):
    return {{k: '***' if k in SENSITIVE_FIELDS else v for k, v in data.items()}}

@app.route('/api/users', methods=['POST'])
def create_user():
    user_data = request.json
    logging.info(f""Creating user: {{sanitize_log(user_data)}}"")
    return create_user_in_db(user_data)"
445,Unsafe Consumption of APIs,Insufficient Authentication Check,Error,"from flask import Flask, request, jsonify
import requests

app = Flask(__name__)

@app.route('/impl_api', methods=['POST'])
def impl_api():
    api_key = request.headers.get('X-API-Key')
    if not api_key:
        return jsonify({'error': 'Unauthorized access'}), 401

    user_input = request.json.get('user_input')

    # Assume this endpoint consumes an authenticated external API
    response = requests.post(
        'https://external.api.com/data',
        headers={'X-API-Key': api_key},
        json={'user_input': user_input}
    )

    return jsonify(response.json()), 200"
446,Unsafe Consumption of APIs,Safe Command Execution,Good,"from flask import Flask, request, abort
import subprocess
import ipaddress
app = Flask(__name__)

@app.route('/lookup')
def lookup():
    domain = request.args.get('domain')
    try:
        ipaddress.ip_address(domain)
    except ValueError:
        if not domain.replace('.', '').replace('-', '').isalnum():
            abort(400)
    result = subprocess.run(['nslookup', domain], capture_output=True, text=True)
    return result.stdout"
447,Security Misconfiguration,Proper Output Encoding,Good,"from flask import Flask, request, escape
app = Flask(__name__)

@app.route('/greet')
def greet():
    name = escape(request.args.get('name', 'Guest'))
    return f""<html><body><h1>Hello {{name}}!</h1></body></html>"""
448,Unsafe Consumption of APIs,Safe Deserialization,Good,"from flask import Flask, request, jsonify
from marshmallow import Schema, fields, ValidationError
app = Flask(__name__)

class DataSchema(Schema):
    name = fields.Str(required=True)
    value = fields.Int(required=True)

@app.route('/load', methods=['POST'])
def load():
    try:
        data = DataSchema().load(request.json)
        return jsonify(data)
    except ValidationError as e:
        return jsonify({{""error"": e.messages}}), 400"
449,Broken Object Level Authorization,Path Traversal,Error,"from fastapi import FastAPI
from fastapi.responses import FileResponse
app = FastAPI()

@app.get(""/files/{{filename}}"")
def get_file(filename: str):
    return FileResponse(f""storage/{{filename}}"")"
450,Unsafe Consumption of APIs,Parameterized Query,Good,"from flask import Flask, request, jsonify
import sqlite3
app = Flask(__name__)

@app.route('/search')
def search():
    query = request.args.get('q')
    conn = sqlite3.connect('data.db')
    cursor = conn.cursor()
    cursor.execute(""SELECT * FROM users WHERE name = ?"", (query,))
    return jsonify(cursor.fetchall())"
451,Broken Authentication,Weak JWT Algorithm,Error,"import jwt
from flask import Flask, request, jsonify
app = Flask(__name__)

SECRET = ""secret123""

@app.route('/verify')
def verify():
    token = request.headers.get('Authorization')
    try:
        data = jwt.decode(token, SECRET, algorithms=[""HS256"", ""none""])
        return jsonify(data)
    except:
        return jsonify({{""error"": ""Invalid token""}}), 401"
452,Broken Object Level Authorization,Proper Authorization Check,Good,"from flask import Flask, request, jsonify
from functools import wraps
app = Flask(__name__)

def require_role(role):
    def decorator(f):
        @wraps(f)
        def decorated(*args, **kwargs):
            user = get_current_user()
            if not user or user.get('role') != role:
                return jsonify({{""error"": ""Forbidden""}}), 403
            return f(*args, **kwargs)
        return decorated
    return decorator

@app.route('/admin/users', methods=['GET'])
@require_role('admin')
def list_all_users():
    return jsonify(users)

if __name__ == '__main__':
    app.run()"
453,Broken Object Level Authorizatio,Missing Role-Based Access Control,Error,"from flask import Flask, request, jsonify

app = Flask(__name__)

# Mock user data
users = {
    1: {""name"": ""Alice"", ""email"": ""alice@example.com""},
    2: {""name"": ""Bob"", ""email"": ""bob@example.com""}
}

@app.route('/user/<int:user_id>', methods=['DELETE'])
def delete_user(user_id):
    if user_id in users:
        del users[user_id]
        return jsonify({""success"": ""User deleted successfully""})
    else:
        return jsonify({""error"": ""User not found""}), 404

if __name__ == '__main__':
    app.run(debug=True)"
454,Security Misconfiguration,Secure Configuration,Good,"from flask import Flask
import os
app = Flask(__name__)

app.config['SECRET_KEY'] = os.environ.get('SECRET_KEY')
app.config['DEBUG'] = False
app.config['TESTING'] = False

@app.after_request
def add_security_headers(response):
    response.headers['X-Content-Type-Options'] = 'nosniff'
    response.headers['X-Frame-Options'] = 'DENY'
    response.headers['X-XSS-Protection'] = '1; mode=block'
    response.headers['Strict-Transport-Security'] = 'max-age=31536000; includeSubDomains'
    response.headers['Content-Security-Policy'] = ""default-src 'self'""
    return response

@app.route('/')
def home():
    return ""Hello World""

if __name__ == '__main__':
    app.run(host='127.0.0.1')"
455,Broken Object Level Authorization,Safe Path Handling,Good,"from fastapi import FastAPI, HTTPException
from fastapi.responses import FileResponse
import os
app = FastAPI()

STORAGE_DIR = ""storage""

@app.get(""/files/{{filename}}"")
def get_file(filename: str):
    safe_filename = os.path.basename(filename)
    filepath = os.path.join(STORAGE_DIR, safe_filename)
    
    if not os.path.exists(filepath):
        raise HTTPException(status_code=404)
    if not os.path.abspath(filepath).startswith(os.path.abspath(STORAGE_DIR)):
        raise HTTPException(status_code=403)
    
    return FileResponse(filepath)"
456,Server Side Request Forgery,SSRF with Redirects,Error,"from flask import Flask, request, jsonify
import requests

app = Flask(__name__)

@app.route('/redirect')
def redirect_fetch():
    url = request.args.get('url')
    if not url:
        return jsonify({'error': 'No URL provided'}), 400
    try:
        response = requests.get(url, allow_redirects=True)
        return jsonify({'content': response.text})
    except Exception as e:
        return jsonify({'error': str(e)}), 500

if __name__ == '__main__':
    app.run(debug=True)"
457,Unsafe Consumption of APIs,Command Injection,Error,"from flask import Flask, request
import os
app = Flask(__name__)

@app.route('/lookup')
def lookup():
    domain = request.args.get('domain')
    return os.system(f'nslookup {{domain}}')"
458,Broken Authentication,Secure Authentication Implementation,Good,"from flask import Flask, request, jsonify
from werkzeug.security import generate_password_hash, check_password_hash
import os
app = Flask(__name__)
app.secret_key = os.environ.get('SECRET_KEY')

users_db = {}

@app.route('/register', methods=['POST'])
def register():
    username = request.json.get('username')
    password = request.json.get('password')
    
    if len(password) < 12:
        return jsonify({{""error"": ""Password must be at least 12 characters""}}), 400
    
    hashed = generate_password_hash(password)
    users_db[username] = hashed
    return jsonify({{""success"": True}})

@app.route('/login', methods=['POST'])
def login():
    username = request.json.get('username')
    password = request.json.get('password')
    
    stored_hash = users_db.get(username)
    if stored_hash and check_password_hash(stored_hash, password):
        token = generate_secure_token(username)
        return jsonify({{""token"": token}})
    return jsonify({{""error"": ""Invalid credentials""}}), 401

if __name__ == '__main__':
    app.run()"
459,Security Misconfiguration,Secure CORS Configuration,Good,"from flask import Flask, jsonify
from flask_cors import CORS
app = Flask(__name__)
CORS(app, origins=[""https://trusted-domain.com""], supports_credentials=True)

@app.route('/api/data')
def get_data():
    return jsonify({{""data"": ""information""}})"
460,Broken Authentication,Secure JWT Implementation,Good,"import jwt
import os
from cryptography.hazmat.primitives import serialization
from flask import Flask, request, jsonify
app = Flask(__name__)

with open('private.pem', 'rb') as f:
    PRIVATE_KEY = f.read()
with open('public.pem', 'rb') as f:
    PUBLIC_KEY = f.read()

@app.route('/verify')
def verify():
    token = request.headers.get('Authorization', '').replace('Bearer ', '')
    try:
        data = jwt.decode(token, PUBLIC_KEY, algorithms=[""RS256""])
        return jsonify(data)
    except jwt.InvalidTokenError:
        return jsonify({{""error"": ""Invalid token""}}), 401"
461,Unsafe Consumption of APIs,Insecure Data Transmission,Error,"from flask import Flask, request, jsonify
import requests

app = Flask(__name__)

@app.route('/transmit_data', methods=['POST'])
def transmit_data():
    user_input = request.json.get('user_input')

    response = requests.post(
        'http://insecure.api.com/transmit',
        json={'data': user_input}
    )

    return jsonify(response.json()), 200"
462,Broken Function Level Authorization,Proper Function Authorization,Good,"from flask import Flask, request, jsonify
from functools import wraps
app = Flask(__name__)

def require_permission(permission):
    def decorator(f):
        @wraps(f)
        def decorated(*args, **kwargs):
            user = get_current_user()
            if not user or permission not in user.get('permissions', []):
                return jsonify({{""error"": ""Permission denied""}}), 403
            return f(*args, **kwargs)
        return decorated
    return decorator

@app.route('/api/settings', methods=['PUT'])
@require_permission('settings:write')
def update_settings():
    settings = request.json
    database.update_settings(settings)
    return jsonify({{""success"": True}})

if __name__ == '__main__':
    app.run()"
463,Security Misconfiguration,Secure CORS Configuration,Good,"from fastapi import FastAPI
from fastapi.middleware.cors import CORSMiddleware
app = FastAPI()

app.add_middleware(
    CORSMiddleware,
    allow_origins=[""https://frontend.example.com""],
    allow_credentials=True,
    allow_methods=[""GET"", ""POST""],
    allow_headers=[""Authorization"", ""Content-Type""],
)

@app.get(""/api/data"")
def get_data():
    return {{""data"": ""information""}}"
464,Unsafe Consumption of APIs,No HTTPS Verification,Error,"from flask import Flask, jsonify
import requests
app = Flask(__name__)

@app.route('/external-data')
def get_external():
    response = requests.get('http://api.example.com/data', verify=False)
    return jsonify(response.json())

if __name__ == '__main__':
    app.run()"
465,Broken Object Level Authorization,Unfiltered Resource Access,Error,"from flask import Flask, request, jsonify
app = Flask(__name__)

database = {1: {""owner"": 1, ""content"": ""Private data""},
              2: {""owner"": 2, ""content"": ""Secret info""}}

@app.route('/api/account/<int:user_id>', methods=['PUT'])
def update_account(user_id):
    if user_id in database:
        database[user_id].update(request.json)
        return jsonify({""success"": ""Updated""})
    return jsonify({""error"": ""Not found""}), 404

if __name__ == '__main__':
    app.run(debug=True)"
466,Unrestricted Resource Consumption,Missing Pagination,Error,"from flask import Flask, jsonify
app = Flask(__name__)

@app.route('/items', methods=['GET'])
def get_all_items():
    items = database.get_all_items()
    return jsonify(items)

if __name__ == '__main__':
    app.run()"
467,Broken Object Property Level Authorization,Improper Use of Object References,Error,"from flask import Flask, request, jsonify
app = Flask(__name__)

# Dummy data (normally would come from a database)
users = [
    {'id': 1, 'username': 'alice', 'role': 'admin'},
    {'id': 2, 'username': 'bob', 'role': 'user'}
]

@app.route('/api/users/<int:user_id>', methods=['GET'])
def get_user(user_id):
    # Assume user_id comes from the request
    user = next((user for user in users if user['id'] == user_id), None)

    if not user:
        return jsonify({'error': 'User not found'}), 404

    # Simulating improper use of user data based on an assumption
    if user['username'] == 'alice':
        return jsonify({'error': 'Unauthorized access to Alice\'s account'}), 403

    return jsonify({'username': user['username']}), 200

if __name__ == '__main__':
    app.run(debug=True)"
468,Unsafe Consumption of APIs,Parameterized Query,Good,"from fastapi import FastAPI, Query
import sqlite3
app = FastAPI()

@app.get(""/users"")
def get_users(name: str = Query(...)):
    conn = sqlite3.connect(""data.db"")
    cursor = conn.cursor()
    cursor.execute(""SELECT * FROM users WHERE name LIKE ?"", (f'%{{name}}%',))
    return {{""users"": cursor.fetchall()}}"
469,Broken Object Level Authorization,Safe Path Handling,Good,"from flask import Flask, request, send_file, abort
import os
app = Flask(__name__)

UPLOAD_DIR = '/uploads'

@app.route('/download')
def download():
    filename = request.args.get('file')
    safe_path = os.path.abspath(os.path.join(UPLOAD_DIR, filename))
    if not safe_path.startswith(os.path.abspath(UPLOAD_DIR)):
        abort(403)
    if not os.path.exists(safe_path):
        abort(404)
    return send_file(safe_path)"
470,Security Misconfiguration,Safe Logging Practice,Good,"from flask import Flask, request
import logging
app = Flask(__name__)

def mask_card(card):
    return f""****{{card[-4:]}}""

@app.route('/payment', methods=['POST'])
def payment():
    card_number = request.json['card']
    cvv = request.json['cvv']
    logging.info(f""Processing payment for card: {{mask_card(card_number)}}"")
    return process_payment(card_number, cvv)"
471,Security Misconfiguration,Secure Configuration,Good,"from flask import Flask
import os
app = Flask(__name__)

app.config['SECRET_KEY'] = os.environ.get('SECRET_KEY')
app.config['DEBUG'] = False
app.config['TESTING'] = False

@app.after_request
def add_security_headers(response):
    response.headers['X-Content-Type-Options'] = 'nosniff'
    response.headers['X-Frame-Options'] = 'DENY'
    response.headers['X-XSS-Protection'] = '1; mode=block'
    response.headers['Strict-Transport-Security'] = 'max-age=31536000; includeSubDomains'
    response.headers['Content-Security-Policy'] = ""default-src 'self'""
    return response

@app.route('/')
def home():
    return ""Hello World""

if __name__ == '__main__':
    app.run(host='127.0.0.1')"
